source_file,source_row,board,model,candidate,method_family,throughput_or_metric,gain_or_delta,accuracy,replay,decision,outcome_class,evidence_path,note
02_evidence_raw/local_pi5/pi5_phase_vk_reports_20260404/gpu_layer_compare_matrix.csv,2,unknown,yolo11n,k1_convdw_runtime,other,75.590991,,,,unspecified,failure_or_drop,02_evidence_raw/local_pi5/pi5_phase_vk_reports_20260404/gpu_layer_compare_matrix.csv,
02_evidence_raw/local_pi5/pi5_phase_vk_reports_20260404/gpu_layer_compare_matrix.csv,3,unknown,yolo11n,k1_plus_swish_runtime,other,75.590991,,,,unspecified,failure_or_drop,02_evidence_raw/local_pi5/pi5_phase_vk_reports_20260404/gpu_layer_compare_matrix.csv,
02_evidence_raw/local_pi5/pi5_phase_vk_reports_20260404/gpu_layer_compare_matrix.csv,5,unknown,yolo11s,k1_convdw_runtime,other,153.213257,,,,unspecified,failure_or_drop,02_evidence_raw/local_pi5/pi5_phase_vk_reports_20260404/gpu_layer_compare_matrix.csv,
02_evidence_raw/local_pi5/pi5_phase_vk_reports_20260404/gpu_layer_compare_matrix.csv,6,unknown,yolo11s,k1_plus_swish_runtime,other,153.213257,,,,unspecified,failure_or_drop,02_evidence_raw/local_pi5/pi5_phase_vk_reports_20260404/gpu_layer_compare_matrix.csv,
02_evidence_raw/local_pi5/pi5_phase_vk_reports_20260404/phase_vk_summary.csv,1,unknown,yolo11n,yolo11n,other,,,,,no_retained_ncnn_vulkan_path,failure_or_drop,02_evidence_raw/local_pi5/pi5_phase_vk_reports_20260404/phase_vk_summary.csv,
02_evidence_raw/local_pi5/pi5_phase_vk_reports_20260404/phase_vk_summary.csv,2,unknown,yolo11s,yolo11s,other,,,,,no_retained_ncnn_vulkan_path,failure_or_drop,02_evidence_raw/local_pi5/pi5_phase_vk_reports_20260404/phase_vk_summary.csv,
02_evidence_raw/remote_stm32/operator_autotune/operator_registry.csv,4,unknown,vww,vww,cmsis_nn_ofast;operator_autotune,,,,,unspecified,failure_or_drop,02_evidence_raw/remote_stm32/operator_autotune/operator_registry.csv,
02_evidence_raw/remote_stm32/operator_autotune/operator_registry.csv,6,unknown,ic,ic,residual_coupled;cmsis_nn_ofast;operator_autotune,,,,,unspecified,failure_or_drop,02_evidence_raw/remote_stm32/operator_autotune/operator_registry.csv,
02_evidence_raw/remote_stm32/operator_autotune/operator_registry.csv,8,unknown,ic,ic,residual_coupled;cmsis_nn_ofast;operator_autotune,,,,,unspecified,failure_or_drop,02_evidence_raw/remote_stm32/operator_autotune/operator_registry.csv,
02_evidence_raw/remote_stm32/operator_autotune/operator_registry.csv,13,unknown,ad,ad,cmsis_nn_ofast;lowbit_int4;operator_autotune,,,,,unspecified,failure_or_drop,02_evidence_raw/remote_stm32/operator_autotune/operator_registry.csv,
02_evidence_raw/remote_stm32/optimization/compiler_flag_matrix.csv,2,f746,ad,ad,cmsis_nn_ofast,,,not_run,,drop_lto_on_current_stack,failure_or_drop,02_evidence_raw/remote_stm32/optimization/compiler_flag_matrix.csv,
02_evidence_raw/remote_stm32/optimization/f746_ad_hotpath_matrix.csv,2,f746,ad,ad,other,,,,,drop_as_score_hotpath,failure_or_drop,02_evidence_raw/remote_stm32/optimization/f746_ad_hotpath_matrix.csv,
02_evidence_raw/remote_stm32/optimization/f746_ad_safe_squeeze_matrix.csv,2,f746,ad,dense_per_file_ofast,cmsis_nn_ofast,,0.033,,,below_0.2pct_and_0.5pct_gates,failure_or_drop,02_evidence_raw/remote_stm32/optimization/f746_ad_safe_squeeze_matrix.csv,
02_evidence_raw/remote_stm32/optimization/f746_cmsis_path_repair_matrix.csv,1,f746,vww,vww_stream_quant_halo_repair_if_accuracy_fails,early_stream_fusion,,,,,conditional,failure_or_drop,02_evidence_raw/remote_stm32/optimization/f746_cmsis_path_repair_matrix.csv,
02_evidence_raw/remote_stm32/optimization/f746_compile_squeeze_matrix.csv,1,f746,kws,kws,cmsis_nn_ofast,,,not_run_perf_slower_than_retained,,drop_slower_than_ofast,failure_or_drop,02_evidence_raw/remote_stm32/optimization/f746_compile_squeeze_matrix.csv,
02_evidence_raw/remote_stm32/optimization/f746_compile_squeeze_matrix.csv,3,f746,kws,kws,cmsis_nn_ofast,,,not_run_lto_family_blocked,,drop_lto_family_until_wrap_strategy_changes,failure_or_drop,02_evidence_raw/remote_stm32/optimization/f746_compile_squeeze_matrix.csv,
02_evidence_raw/remote_stm32/optimization/f746_compile_squeeze_matrix.csv,4,f746,kws,kws,cmsis_nn_ofast,,,not_run_lto_family_blocked,,drop_lto_family_until_wrap_strategy_changes,failure_or_drop,02_evidence_raw/remote_stm32/optimization/f746_compile_squeeze_matrix.csv,
02_evidence_raw/remote_stm32/optimization/f746_compile_squeeze_matrix.csv,5,f746,kws,kws,cmsis_nn_ofast,,,not_run_no_clear_latency_gain,,drop_negligible_gain_lt_0.5pct,failure_or_drop,02_evidence_raw/remote_stm32/optimization/f746_compile_squeeze_matrix.csv,
02_evidence_raw/remote_stm32/optimization/f746_compile_squeeze_matrix.csv,6,f746,kws,kws,cmsis_nn_ofast;public_comparison,,,not_run_build_failed,,drop_build_failed,failure_or_drop,02_evidence_raw/remote_stm32/optimization/f746_compile_squeeze_matrix.csv,
02_evidence_raw/remote_stm32/optimization/f746_compile_squeeze_matrix.csv,8,f746,kws,kws,cmsis_nn_ofast,,,not_run_no_clear_latency_gain,,drop_negligible_gain_lt_0.5pct,failure_or_drop,02_evidence_raw/remote_stm32/optimization/f746_compile_squeeze_matrix.csv,
02_evidence_raw/remote_stm32/optimization/f746_compile_squeeze_matrix.csv,10,f746,vww,vww,cmsis_nn_ofast,,,not_run_perf_slower_than_retained,,drop_slower_than_ofast,failure_or_drop,02_evidence_raw/remote_stm32/optimization/f746_compile_squeeze_matrix.csv,
02_evidence_raw/remote_stm32/optimization/f746_compile_squeeze_matrix.csv,12,f746,vww,vww,cmsis_nn_ofast,,,not_run_lto_family_blocked,,drop_lto_family_until_wrap_strategy_changes,failure_or_drop,02_evidence_raw/remote_stm32/optimization/f746_compile_squeeze_matrix.csv,
02_evidence_raw/remote_stm32/optimization/f746_compile_squeeze_matrix.csv,13,f746,vww,vww,cmsis_nn_ofast,,,not_run_lto_family_blocked,,drop_lto_family_until_wrap_strategy_changes,failure_or_drop,02_evidence_raw/remote_stm32/optimization/f746_compile_squeeze_matrix.csv,
02_evidence_raw/remote_stm32/optimization/f746_compile_squeeze_matrix.csv,14,f746,vww,vww,cmsis_nn_ofast,,,not_run_perf_slower_than_retained,,drop_slower_than_cmsis_nn_release_plus_ofast,failure_or_drop,02_evidence_raw/remote_stm32/optimization/f746_compile_squeeze_matrix.csv,
02_evidence_raw/remote_stm32/optimization/f746_compile_squeeze_matrix.csv,15,f746,vww,vww,cmsis_nn_ofast;public_comparison,,,not_run_build_failed,,drop_build_failed,failure_or_drop,02_evidence_raw/remote_stm32/optimization/f746_compile_squeeze_matrix.csv,
02_evidence_raw/remote_stm32/optimization/f746_compile_squeeze_matrix.csv,17,f746,vww,vww,cmsis_nn_ofast,,,not_run_no_clear_latency_gain,,drop_slower_than_cmsis_nn_release_plus_ofast,failure_or_drop,02_evidence_raw/remote_stm32/optimization/f746_compile_squeeze_matrix.csv,
02_evidence_raw/remote_stm32/optimization/f746_compile_squeeze_matrix.csv,19,f746,ic,ic,cmsis_nn_ofast,,,not_run_perf_slower_than_retained,,drop_slower_than_ofast,failure_or_drop,02_evidence_raw/remote_stm32/optimization/f746_compile_squeeze_matrix.csv,
02_evidence_raw/remote_stm32/optimization/f746_compile_squeeze_matrix.csv,21,f746,ic,ic,cmsis_nn_ofast,,,not_run_lto_family_blocked,,drop_lto_family_until_wrap_strategy_changes,failure_or_drop,02_evidence_raw/remote_stm32/optimization/f746_compile_squeeze_matrix.csv,
02_evidence_raw/remote_stm32/optimization/f746_compile_squeeze_matrix.csv,22,f746,ic,ic,cmsis_nn_ofast,,,not_run_lto_family_blocked,,drop_lto_family_until_wrap_strategy_changes,failure_or_drop,02_evidence_raw/remote_stm32/optimization/f746_compile_squeeze_matrix.csv,
02_evidence_raw/remote_stm32/optimization/f746_compile_squeeze_matrix.csv,23,f746,ic,ic,cmsis_nn_ofast,,,not_run_perf_slower_than_retained,,drop_slower_than_cmsis_nn_release_plus_ofast,failure_or_drop,02_evidence_raw/remote_stm32/optimization/f746_compile_squeeze_matrix.csv,
02_evidence_raw/remote_stm32/optimization/f746_compile_squeeze_matrix.csv,24,f746,ic,ic,cmsis_nn_ofast;public_comparison,,,not_run_build_failed,,drop_build_failed,failure_or_drop,02_evidence_raw/remote_stm32/optimization/f746_compile_squeeze_matrix.csv,
02_evidence_raw/remote_stm32/optimization/f746_compile_squeeze_matrix.csv,26,f746,ic,ic,cmsis_nn_ofast,,,not_run_no_clear_latency_gain,,drop_slower_than_cmsis_nn_release_plus_ofast,failure_or_drop,02_evidence_raw/remote_stm32/optimization/f746_compile_squeeze_matrix.csv,
02_evidence_raw/remote_stm32/optimization/f746_compile_squeeze_matrix.csv,30,f746,ad,ad,cmsis_nn_ofast,,,not_run_lto_family_blocked,,drop_lto_family_until_wrap_strategy_changes,failure_or_drop,02_evidence_raw/remote_stm32/optimization/f746_compile_squeeze_matrix.csv,
02_evidence_raw/remote_stm32/optimization/f746_compile_squeeze_matrix.csv,31,f746,ad,ad,cmsis_nn_ofast,,,not_run_lto_family_blocked,,drop_lto_family_until_wrap_strategy_changes,failure_or_drop,02_evidence_raw/remote_stm32/optimization/f746_compile_squeeze_matrix.csv,
02_evidence_raw/remote_stm32/optimization/f746_compile_squeeze_matrix.csv,32,f746,ad,ad,cmsis_nn_ofast,,,not_run_perf_slower_than_retained,,drop_slower_than_cmsis_nn_o3_squeeze,failure_or_drop,02_evidence_raw/remote_stm32/optimization/f746_compile_squeeze_matrix.csv,
02_evidence_raw/remote_stm32/optimization/f746_compile_squeeze_matrix.csv,33,f746,ad,ad,cmsis_nn_ofast;public_comparison,,,not_run_build_failed,,drop_build_failed,failure_or_drop,02_evidence_raw/remote_stm32/optimization/f746_compile_squeeze_matrix.csv,
02_evidence_raw/remote_stm32/optimization/f746_compile_squeeze_matrix.csv,35,f746,ad,ad,cmsis_nn_ofast,,,not_run_no_clear_latency_gain,,drop_slower_than_cmsis_nn_o3_squeeze,failure_or_drop,02_evidence_raw/remote_stm32/optimization/f746_compile_squeeze_matrix.csv,
02_evidence_raw/remote_stm32/optimization/f746_ic_cmsis_repair_matrix.csv,4,f746,ic,f746_ic_cmsis_repair_matrix,other,,,,,drop_slower_than_retained_baseline,failure_or_drop,02_evidence_raw/remote_stm32/optimization/f746_ic_cmsis_repair_matrix.csv,
02_evidence_raw/remote_stm32/optimization/f746_ic_hotpath_matrix.csv,2,f746,ic,ic,other,,,,,drop_as_score_hotpath,failure_or_drop,02_evidence_raw/remote_stm32/optimization/f746_ic_hotpath_matrix.csv,
02_evidence_raw/remote_stm32/optimization/f746_ic_residual_activation_matrix.csv,2,f746,ic,skip_process_broadcast_when_prepare_says_no_broadcast,public_comparison,6.843,-0.233,,,drop_slower_than_retained_baseline,failure_or_drop,02_evidence_raw/remote_stm32/optimization/f746_ic_residual_activation_matrix.csv,
02_evidence_raw/remote_stm32/optimization/f746_ic_residual_activation_matrix.csv,3,f746,ic,in_place_residual_add,other,,,,,requires tensor_lifetime_proof,failure_or_drop,02_evidence_raw/remote_stm32/optimization/f746_ic_residual_activation_matrix.csv,
02_evidence_raw/remote_stm32/optimization/f746_ic_residual_activation_matrix.csv,4,f746,ic,residual_activation_fusion,other,,,,,requires_math_equivalence_and_profile_evidence,failure_or_drop,02_evidence_raw/remote_stm32/optimization/f746_ic_residual_activation_matrix.csv,
02_evidence_raw/remote_stm32/optimization/f746_ic_second_wave_static_schedule_matrix.csv,1,f746,ic,ic,static_schedule,,,,quick_perf_only,drop_no_latency_gain,failure_or_drop,02_evidence_raw/remote_stm32/optimization/f746_ic_second_wave_static_schedule_matrix.csv,
02_evidence_raw/remote_stm32/optimization/f746_ic_second_wave_static_schedule_matrix.csv,2,f746,ic,ic,static_schedule,,,,quick_perf_only,drop_no_material_gain,failure_or_drop,02_evidence_raw/remote_stm32/optimization/f746_ic_second_wave_static_schedule_matrix.csv,
02_evidence_raw/remote_stm32/optimization/f746_kws_custom_hotkernel_matrix.csv,1,f746,kws,custom_fixed_point_frontend_helper,other,,,,,drop_until_real_frontend_path_exists,failure_or_drop,02_evidence_raw/remote_stm32/optimization/f746_kws_custom_hotkernel_matrix.csv,
02_evidence_raw/remote_stm32/optimization/f746_kws_custom_hotkernel_matrix.csv,3,f746,kws,custom_argmax_small_loop,other,,,,,below_gate,failure_or_drop,02_evidence_raw/remote_stm32/optimization/f746_kws_custom_hotkernel_matrix.csv,
02_evidence_raw/remote_stm32/optimization/f746_kws_frontend_squeeze_matrix.csv,2,f746,kws,feature_buffer_reuse,other,,,not_run,,drop_current_artifact_has_host_loaded_feature_tensor,failure_or_drop,02_evidence_raw/remote_stm32/optimization/f746_kws_frontend_squeeze_matrix.csv,
02_evidence_raw/remote_stm32/optimization/f746_kws_hotpath_matrix.csv,2,f746,kws,kws,other,,,,,drop_as_score_hotpath,failure_or_drop,02_evidence_raw/remote_stm32/optimization/f746_kws_hotpath_matrix.csv,
02_evidence_raw/remote_stm32/optimization/f746_kws_speed_catchup_matrix.csv,8,f746,kws,kws_no_copy_input_buffer,public_comparison,26.409,-0.912,not_run_quick_gate,not_run,quick_drop_gain_lt_0p2,failure_or_drop,02_evidence_raw/remote_stm32/optimization/f746_kws_speed_catchup_matrix.csv,
02_evidence_raw/remote_stm32/optimization/f746_memory_tiering_matrix.csv,7,f746,all,all,g0_sram_rescue,,,,,drop_for_latency_first,failure_or_drop,02_evidence_raw/remote_stm32/optimization/f746_memory_tiering_matrix.csv,
02_evidence_raw/remote_stm32/optimization/f746_partial_lto_matrix.csv,1,f746,ad,partial_lto_workaround_review,cmsis_nn_ofast,,,,,permanently_drop_lto_family_until_build_or_wrap_strategy_changes,failure_or_drop,02_evidence_raw/remote_stm32/optimization/f746_partial_lto_matrix.csv,
02_evidence_raw/remote_stm32/optimization/f746_partial_lto_matrix.csv,2,f746,ic,partial_lto_workaround_review,cmsis_nn_ofast,,,,,permanently_drop_lto_family_until_build_or_wrap_strategy_changes,failure_or_drop,02_evidence_raw/remote_stm32/optimization/f746_partial_lto_matrix.csv,
02_evidence_raw/remote_stm32/optimization/f746_partial_lto_matrix.csv,3,f746,kws,partial_lto_workaround_review,cmsis_nn_ofast,,,,,permanently_drop_lto_family_until_build_or_wrap_strategy_changes,failure_or_drop,02_evidence_raw/remote_stm32/optimization/f746_partial_lto_matrix.csv,
02_evidence_raw/remote_stm32/optimization/f746_partial_lto_matrix.csv,4,f746,vww,partial_lto_workaround_review,cmsis_nn_ofast,,,,,permanently_drop_lto_family_until_build_or_wrap_strategy_changes,failure_or_drop,02_evidence_raw/remote_stm32/optimization/f746_partial_lto_matrix.csv,
02_evidence_raw/remote_stm32/optimization/f746_per_file_flags_matrix.csv,2,f746,kws/vww/ic,monitor_o2_or_os_split,cmsis_nn_ofast,,,,,drop_as_score_hotpath,failure_or_drop,02_evidence_raw/remote_stm32/optimization/f746_per_file_flags_matrix.csv,
02_evidence_raw/remote_stm32/optimization/f746_per_file_flags_matrix.csv,3,f746,ad,o3_dense_ofast_file,cmsis_nn_ofast,376.420,0.033,,,drop_negligible_gain_lt_0.5pct,failure_or_drop,02_evidence_raw/remote_stm32/optimization/f746_per_file_flags_matrix.csv,
02_evidence_raw/remote_stm32/optimization/f746_vww_hotpath_matrix.csv,2,f746,vww,vww,other,,,,,drop_as_score_hotpath,failure_or_drop,02_evidence_raw/remote_stm32/optimization/f746_vww_hotpath_matrix.csv,
02_evidence_raw/remote_stm32/optimization/f746_vww_preprocess_matrix.csv,2,f746,vww,lookup_table_normalize,other,,,,,below_expected_0.2pct_score_gain,failure_or_drop,02_evidence_raw/remote_stm32/optimization/f746_vww_preprocess_matrix.csv,
02_evidence_raw/remote_stm32/optimization/f746_vww_preprocess_matrix.csv,4,f746,vww,minimal_postprocess,other,,,,,not_retained_latency_path,failure_or_drop,02_evidence_raw/remote_stm32/optimization/f746_vww_preprocess_matrix.csv,
02_evidence_raw/remote_stm32/optimization/g0_kws_rescue_matrix.csv,1,g0,kws,g0_kws_rescue_matrix,arena_reuse;g0_sram_rescue,,,,,drop_as_is,failure_or_drop,02_evidence_raw/remote_stm32/optimization/g0_kws_rescue_matrix.csv,
02_evidence_raw/remote_stm32/optimization/g0_kws_rescue_matrix.csv,2,g0,kws,g0_kws_rescue_matrix,arena_reuse;cmsis_nn_ofast;g0_sram_rescue,,,,,current_impl_drop_latency_rework_only,failure_or_drop,02_evidence_raw/remote_stm32/optimization/g0_kws_rescue_matrix.csv,
02_evidence_raw/remote_stm32/optimization/g0_kws_rescue_matrix.csv,3,g0,kws,g0_kws_rescue_matrix,arena_reuse;g0_sram_rescue,,,,,not_retained_yet,failure_or_drop,02_evidence_raw/remote_stm32/optimization/g0_kws_rescue_matrix.csv,
02_evidence_raw/remote_stm32/optimization/g0_kws_rescue_matrix.csv,4,g0,kws,g0_kws_rescue_matrix,arena_reuse;g0_sram_rescue,,,,,not_retained_yet,failure_or_drop,02_evidence_raw/remote_stm32/optimization/g0_kws_rescue_matrix.csv,
02_evidence_raw/remote_stm32/optimization/g0_kws_rescue_matrix.csv,5,g0,kws,g0_kws_rescue_matrix,arena_reuse;g0_sram_rescue,,,,,not_retained_yet,failure_or_drop,02_evidence_raw/remote_stm32/optimization/g0_kws_rescue_matrix.csv,
02_evidence_raw/remote_stm32/optimization/g0_kws_rescue_matrix.csv,6,g0,kws,g0_kws_rescue_matrix,arena_reuse;g0_sram_rescue,,,,,not_retained_yet,failure_or_drop,02_evidence_raw/remote_stm32/optimization/g0_kws_rescue_matrix.csv,
02_evidence_raw/remote_stm32/optimization/g0_kws_rescue_matrix.csv,7,g0,kws,g0_kws_rescue_matrix,arena_reuse;g0_sram_rescue,,,,,pending_lower_priority,failure_or_drop,02_evidence_raw/remote_stm32/optimization/g0_kws_rescue_matrix.csv,
02_evidence_raw/remote_stm32/optimization/g0_kws_rescue_matrix.csv,8,g0,kws,g0_kws_rescue_matrix,arena_reuse;g0_sram_rescue,,,,,drop_for_now,failure_or_drop,02_evidence_raw/remote_stm32/optimization/g0_kws_rescue_matrix.csv,
02_evidence_raw/remote_stm32/optimization/g0_kws_rescue_matrix.csv,9,g0,kws,g0_kws_rescue_matrix,arena_reuse;g0_sram_rescue,,,,,drop_for_now,failure_or_drop,02_evidence_raw/remote_stm32/optimization/g0_kws_rescue_matrix.csv,
02_evidence_raw/remote_stm32/optimization/static_resource_rank.csv,8,f746,ad,ofast_lto_gc,cmsis_nn_ofast,,,,,fail,failure_or_drop,02_evidence_raw/remote_stm32/optimization/static_resource_rank.csv,
02_evidence_raw/remote_stm32/optimization/static_resource_rank.csv,16,f746,ic,ofast_lto_gc,cmsis_nn_ofast,,,,,fail,failure_or_drop,02_evidence_raw/remote_stm32/optimization/static_resource_rank.csv,
02_evidence_raw/remote_stm32/optimization/static_resource_rank.csv,24,f746,kws,ofast_lto_gc,cmsis_nn_ofast,,,,,fail,failure_or_drop,02_evidence_raw/remote_stm32/optimization/static_resource_rank.csv,
02_evidence_raw/remote_stm32/optimization/static_resource_rank.csv,32,f746,vww,ofast_lto_gc,cmsis_nn_ofast,,,,,fail,failure_or_drop,02_evidence_raw/remote_stm32/optimization/static_resource_rank.csv,
02_evidence_raw/remote_stm32/optimization/u575_arena_search_kws.csv,1,u575,kws,kws,arena_reuse;u575_runtime_recovery,,,,,hold_prebuilt_leader_until_source_project_exists,failure_or_drop,02_evidence_raw/remote_stm32/optimization/u575_arena_search_kws.csv,
02_evidence_raw/remote_stm32/optimization/u575_compile_flag_matrix_kws.csv,1,u575,kws,kws,arena_reuse;u575_runtime_recovery,,,,,retain_latency_leader_for_now,failure_or_drop,02_evidence_raw/remote_stm32/optimization/u575_compile_flag_matrix_kws.csv,
02_evidence_raw/remote_stm32/oracle/u575_prebuilt_oracle_final.csv,1,u575,kws,stm32ai_prebuilt_v1.3_st,u575_runtime_recovery,34.489,,top1_90.2_auc_0.995,,prebuilt_oracle_only_not_source_retained,failure_or_drop,02_evidence_raw/remote_stm32/oracle/u575_prebuilt_oracle_final.csv,
02_evidence_raw/remote_stm32/oracle/u575_prebuilt_oracle_final.csv,2,u575,vww,stm32ai_prebuilt_v1.3_st,u575_runtime_recovery,16.873,,top1_85.6_auc_0.937,,prebuilt_oracle_only_not_source_retained,failure_or_drop,02_evidence_raw/remote_stm32/oracle/u575_prebuilt_oracle_final.csv,
02_evidence_raw/remote_stm32/oracle/u575_prebuilt_oracle_final.csv,3,u575,ic,stm32ai_prebuilt_v1.3_st,u575_runtime_recovery,9.133,,top1_87.0_auc_0.988,,prebuilt_oracle_only_not_source_retained,failure_or_drop,02_evidence_raw/remote_stm32/oracle/u575_prebuilt_oracle_final.csv,
02_evidence_raw/remote_stm32/oracle/u575_prebuilt_oracle_final.csv,4,u575,ad,stm32ai_prebuilt_v1.3_st,u575_runtime_recovery,311.579,,top1_77.8_auc_0.862,,prebuilt_oracle_only_not_source_retained,failure_or_drop,02_evidence_raw/remote_stm32/oracle/u575_prebuilt_oracle_final.csv,
02_evidence_raw/remote_stm32/profiling/f746_kernel_path_preservation_matrix.csv,1,f746,vww,vww,early_stream_fusion,,,,,unspecified,failure_or_drop,02_evidence_raw/remote_stm32/profiling/f746_kernel_path_preservation_matrix.csv,
02_evidence_raw/remote_stm32/quant/f746_int4_executable_gate.csv,1,f746,kws,kws,lowbit_int4,,,,,blocked_no_integrated_int4_runtime_model_path,failure_or_drop,02_evidence_raw/remote_stm32/quant/f746_int4_executable_gate.csv,
02_evidence_raw/remote_stm32/quant/f746_int4_executable_gate.csv,2,f746,vww,vww,lowbit_int4,,,,,blocked_no_integrated_int4_runtime_model_path,failure_or_drop,02_evidence_raw/remote_stm32/quant/f746_int4_executable_gate.csv,
02_evidence_raw/remote_stm32/quant/f746_int4_executable_gate.csv,3,f746,ic,ic,lowbit_int4,,,,,blocked_no_integrated_int4_runtime_model_path,failure_or_drop,02_evidence_raw/remote_stm32/quant/f746_int4_executable_gate.csv,
02_evidence_raw/remote_stm32/quant/f746_int4_executable_gate.csv,4,f746,ad,ad,lowbit_int4,,,,,blocked_no_integrated_int4_runtime_model_path,failure_or_drop,02_evidence_raw/remote_stm32/quant/f746_int4_executable_gate.csv,
02_evidence_raw/remote_stm32/quant/f746_int4_matrix.csv,1,f746,kws,kws,lowbit_int4,,,,,do_not_board_run_until_converted_model_and_s4_wrapper_exist,failure_or_drop,02_evidence_raw/remote_stm32/quant/f746_int4_matrix.csv,
02_evidence_raw/remote_stm32/quant/f746_int4_matrix.csv,2,f746,kws,kws,lowbit_int4,,,,,do_not_board_run_until_converted_model_and_s4_wrapper_exist,failure_or_drop,02_evidence_raw/remote_stm32/quant/f746_int4_matrix.csv,
02_evidence_raw/remote_stm32/quant/f746_int4_matrix.csv,3,f746,kws,kws,lowbit_int4,,,,,do_not_board_run_until_converted_model_and_s4_wrapper_exist,failure_or_drop,02_evidence_raw/remote_stm32/quant/f746_int4_matrix.csv,
02_evidence_raw/remote_stm32/quant/f746_int4_matrix.csv,4,f746,vww,vww,lowbit_int4,,,,,do_not_board_run_until_converted_model_and_s4_wrapper_exist,failure_or_drop,02_evidence_raw/remote_stm32/quant/f746_int4_matrix.csv,
02_evidence_raw/remote_stm32/quant/f746_int4_matrix.csv,5,f746,vww,vww,lowbit_int4,,,,,do_not_board_run_until_converted_model_and_s4_wrapper_exist,failure_or_drop,02_evidence_raw/remote_stm32/quant/f746_int4_matrix.csv,
02_evidence_raw/remote_stm32/quant/f746_int4_matrix.csv,6,f746,vww,vww,lowbit_int4,,,,,do_not_board_run_until_converted_model_and_s4_wrapper_exist,failure_or_drop,02_evidence_raw/remote_stm32/quant/f746_int4_matrix.csv,
02_evidence_raw/remote_stm32/quant/f746_int4_matrix.csv,7,f746,ic,ic,lowbit_int4,,,,,do_not_board_run_until_converted_model_and_s4_wrapper_exist,failure_or_drop,02_evidence_raw/remote_stm32/quant/f746_int4_matrix.csv,
02_evidence_raw/remote_stm32/quant/f746_int4_matrix.csv,8,f746,ic,ic,lowbit_int4,,,,,do_not_board_run_until_converted_model_and_s4_wrapper_exist,failure_or_drop,02_evidence_raw/remote_stm32/quant/f746_int4_matrix.csv,
02_evidence_raw/remote_stm32/quant/f746_int4_matrix.csv,9,f746,ic,ic,lowbit_int4,,,,,do_not_board_run_until_converted_model_and_s4_wrapper_exist,failure_or_drop,02_evidence_raw/remote_stm32/quant/f746_int4_matrix.csv,
02_evidence_raw/remote_stm32/quant/f746_int4_matrix.csv,10,f746,ad,ad,lowbit_int4,,,,,do_not_board_run_until_converted_model_and_s4_wrapper_exist,failure_or_drop,02_evidence_raw/remote_stm32/quant/f746_int4_matrix.csv,
02_evidence_raw/remote_stm32/quant/f746_int4_matrix.csv,11,f746,ad,ad,lowbit_int4,,,,,do_not_board_run_until_converted_model_and_s4_wrapper_exist,failure_or_drop,02_evidence_raw/remote_stm32/quant/f746_int4_matrix.csv,
02_evidence_raw/remote_stm32/quant/f746_int4_matrix.csv,12,f746,ad,ad,lowbit_int4,,,,,do_not_board_run_until_converted_model_and_s4_wrapper_exist,failure_or_drop,02_evidence_raw/remote_stm32/quant/f746_int4_matrix.csv,
02_evidence_raw/remote_stm32/quant/f746_int4_matrix.csv,13,f746,ad,selective_weight_only_int4_layer9_pair_smlad,lowbit_int4,153.344,-59.249,pending_if_perf_promising,,drop_slower_than_retained,failure_or_drop,02_evidence_raw/remote_stm32/quant/f746_int4_matrix.csv,
02_evidence_raw/remote_stm32/quant/f746_int4_offline_correctness_matrix.csv,1,f746,ad,selective_weight_only_int4,lowbit_int4,,,,,unspecified,failure_or_drop,02_evidence_raw/remote_stm32/quant/f746_int4_offline_correctness_matrix.csv,
02_evidence_raw/remote_stm32/quant/f746_int4_offline_correctness_matrix.csv,2,f746,ad,selective_weight_only_int4,lowbit_int4,,,,,unspecified,failure_or_drop,02_evidence_raw/remote_stm32/quant/f746_int4_offline_correctness_matrix.csv,
02_evidence_raw/remote_stm32/quant/f746_int4_offline_correctness_matrix.csv,3,f746,ad,selective_weight_only_int4,lowbit_int4,,,,,unspecified,failure_or_drop,02_evidence_raw/remote_stm32/quant/f746_int4_offline_correctness_matrix.csv,
02_evidence_raw/remote_stm32/quant/f746_int4_offline_correctness_matrix.csv,6,f746,ad,selective_weight_only_int4,lowbit_int4,,,,,unspecified,failure_or_drop,02_evidence_raw/remote_stm32/quant/f746_int4_offline_correctness_matrix.csv,
02_evidence_raw/remote_stm32/quant/f746_int4_offline_correctness_matrix.csv,7,f746,ad,selective_weight_only_int4,lowbit_int4,,,,,unspecified,failure_or_drop,02_evidence_raw/remote_stm32/quant/f746_int4_offline_correctness_matrix.csv,
02_evidence_raw/remote_stm32/reports/u575_cubeai_generation_matrix.csv,1,u575,unknown,u575_cubeai_generation_matrix,u575_runtime_recovery,,,,,entrypoint_probe_failed,failure_or_drop,02_evidence_raw/remote_stm32/reports/u575_cubeai_generation_matrix.csv,
02_evidence_raw/remote_stm32/reports/u575_cubeai_generation_matrix.csv,2,u575,unknown,u575_cubeai_generation_matrix,u575_runtime_recovery,,,,,entrypoint_usable_for_dry_run,failure_or_drop,02_evidence_raw/remote_stm32/reports/u575_cubeai_generation_matrix.csv,
02_evidence_raw/remote_stm32/reports/u575_cubeai_generation_matrix.csv,3,u575,unknown,u575_cubeai_generation_matrix,u575_runtime_recovery,,,,,entrypoint_usable_for_dry_run,failure_or_drop,02_evidence_raw/remote_stm32/reports/u575_cubeai_generation_matrix.csv,
02_evidence_raw/remote_stm32/reports/u575_cubeai_generation_matrix.csv,4,u575,unknown,u575_cubeai_generation_matrix,u575_runtime_recovery,,,,,entrypoint_usable_for_dry_run,failure_or_drop,02_evidence_raw/remote_stm32/reports/u575_cubeai_generation_matrix.csv,
02_evidence_raw/remote_stm32/reports/u575_cubeai_generation_matrix.csv,5,u575,unknown,u575_cubeai_generation_matrix,u575_runtime_recovery,,,,,entrypoint_probe_failed,failure_or_drop,02_evidence_raw/remote_stm32/reports/u575_cubeai_generation_matrix.csv,
02_evidence_raw/remote_stm32/reports/u575_cubeai_generation_matrix.csv,6,u575,unknown,u575_cubeai_generation_matrix,u575_runtime_recovery,,,,,standalone_cubemx_absent,failure_or_drop,02_evidence_raw/remote_stm32/reports/u575_cubeai_generation_matrix.csv,
02_evidence_raw/remote_stm32/reports/u575_cubeai_generation_matrix.csv,7,u575,unknown,u575_cubeai_generation_matrix,u575_runtime_recovery,,,,,stm32ai_cli_absent,failure_or_drop,02_evidence_raw/remote_stm32/reports/u575_cubeai_generation_matrix.csv,
02_evidence_raw/remote_stm32/reports/u575_cubeai_generation_matrix.csv,8,u575,unknown,u575_cubeai_generation_matrix,u575_runtime_recovery;public_comparison,,,,,actual_generation_attempt_failed,failure_or_drop,02_evidence_raw/remote_stm32/reports/u575_cubeai_generation_matrix.csv,
02_evidence_raw/remote_stm32/reports/u575_cubeai_generation_matrix.csv,9,u575,unknown,u575_cubeai_generation_matrix,u575_runtime_recovery,,,,,no_cubeai_generation_application_found,failure_or_drop,02_evidence_raw/remote_stm32/reports/u575_cubeai_generation_matrix.csv,
02_evidence_raw/remote_stm32/reports/u575_cubeai_generation_matrix.csv,10,u575,kws,u575_cubeai_generation_matrix,u575_runtime_recovery;public_comparison,,,,,scratch_rendered,failure_or_drop,02_evidence_raw/remote_stm32/reports/u575_cubeai_generation_matrix.csv,
02_evidence_raw/remote_stm32/reports/u575_cubeai_generation_matrix.csv,11,u575,kws,u575_cubeai_generation_matrix,u575_runtime_recovery;public_comparison,,,,,cubemx_generation_blocked_no_executable,failure_or_drop,02_evidence_raw/remote_stm32/reports/u575_cubeai_generation_matrix.csv,
02_evidence_raw/remote_stm32/reports/u575_cubeai_generation_matrix.csv,12,u575,kws,u575_cubeai_generation_matrix,u575_runtime_recovery;public_comparison,,,,,cubeide_headlessbuild_cannot_generate_ioc_bundle,failure_or_drop,02_evidence_raw/remote_stm32/reports/u575_cubeai_generation_matrix.csv,
02_evidence_raw/remote_stm32/reports/u575_cubeide_entrypoint_matrix.csv,1,u575,unknown,u575_cubeide_entrypoint_matrix,u575_runtime_recovery,,,,,entrypoint_probe_failed,failure_or_drop,02_evidence_raw/remote_stm32/reports/u575_cubeide_entrypoint_matrix.csv,
02_evidence_raw/remote_stm32/reports/u575_cubeide_entrypoint_matrix.csv,2,u575,unknown,u575_cubeide_entrypoint_matrix,u575_runtime_recovery,,,,,entrypoint_usable_for_dry_run,failure_or_drop,02_evidence_raw/remote_stm32/reports/u575_cubeide_entrypoint_matrix.csv,
02_evidence_raw/remote_stm32/reports/u575_cubeide_entrypoint_matrix.csv,4,u575,unknown,u575_cubeide_entrypoint_matrix,u575_runtime_recovery,,,,,entrypoint_usable_for_dry_run,failure_or_drop,02_evidence_raw/remote_stm32/reports/u575_cubeide_entrypoint_matrix.csv,
02_evidence_raw/remote_stm32/reports/u575_cubeide_entrypoint_matrix.csv,5,u575,unknown,u575_cubeide_entrypoint_matrix,u575_runtime_recovery,,,,,entrypoint_probe_failed,failure_or_drop,02_evidence_raw/remote_stm32/reports/u575_cubeide_entrypoint_matrix.csv,
02_evidence_raw/remote_stm32/reports/u575_cubeide_entrypoint_matrix.csv,8,u575,unknown,u575_cubeide_entrypoint_matrix,u575_runtime_recovery;public_comparison,,,,,actual_generation_attempt_failed,failure_or_drop,02_evidence_raw/remote_stm32/reports/u575_cubeide_entrypoint_matrix.csv,
02_evidence_raw/remote_stm32/reports/u575_regeneration_attempts.csv,1,u575,unknown,u575_regeneration_attempts,u575_runtime_recovery,,,,,blocked_no_real_cm33_u5_runtime_lib,failure_or_drop,02_evidence_raw/remote_stm32/reports/u575_regeneration_attempts.csv,
02_evidence_raw/remote_stm32/reports/u575_source_generation_options_matrix.csv,2,u575,unknown,u575_source_generation_options_matrix,u575_runtime_recovery,,,,,unspecified,failure_or_drop,02_evidence_raw/remote_stm32/reports/u575_source_generation_options_matrix.csv,
02_evidence_raw/remote_stm32/root_files/compiler_flag_matrix.csv,2,f746,ad,ad,cmsis_nn_ofast,,,not_run,,drop_lto_on_current_stack,failure_or_drop,02_evidence_raw/remote_stm32/root_files/compiler_flag_matrix.csv,
02_evidence_raw/remote_stm32/root_files/f746_ad_hotpath_matrix.csv,2,f746,ad,ad,other,,,,,drop_as_score_hotpath,failure_or_drop,02_evidence_raw/remote_stm32/root_files/f746_ad_hotpath_matrix.csv,
02_evidence_raw/remote_stm32/root_files/f746_ad_safe_squeeze_matrix.csv,2,f746,ad,dense_per_file_ofast,cmsis_nn_ofast,,0.033,,,below_0.2pct_and_0.5pct_gates,failure_or_drop,02_evidence_raw/remote_stm32/root_files/f746_ad_safe_squeeze_matrix.csv,
02_evidence_raw/remote_stm32/root_files/f746_compile_squeeze_matrix.csv,1,f746,kws,kws,cmsis_nn_ofast,,,not_run_perf_slower_than_retained,,drop_slower_than_ofast,failure_or_drop,02_evidence_raw/remote_stm32/root_files/f746_compile_squeeze_matrix.csv,
02_evidence_raw/remote_stm32/root_files/f746_compile_squeeze_matrix.csv,3,f746,kws,kws,cmsis_nn_ofast,,,not_run_lto_family_blocked,,drop_lto_family_until_wrap_strategy_changes,failure_or_drop,02_evidence_raw/remote_stm32/root_files/f746_compile_squeeze_matrix.csv,
02_evidence_raw/remote_stm32/root_files/f746_compile_squeeze_matrix.csv,4,f746,kws,kws,cmsis_nn_ofast,,,not_run_lto_family_blocked,,drop_lto_family_until_wrap_strategy_changes,failure_or_drop,02_evidence_raw/remote_stm32/root_files/f746_compile_squeeze_matrix.csv,
02_evidence_raw/remote_stm32/root_files/f746_compile_squeeze_matrix.csv,5,f746,kws,kws,cmsis_nn_ofast,,,not_run_no_clear_latency_gain,,drop_negligible_gain_lt_0.5pct,failure_or_drop,02_evidence_raw/remote_stm32/root_files/f746_compile_squeeze_matrix.csv,
02_evidence_raw/remote_stm32/root_files/f746_compile_squeeze_matrix.csv,6,f746,kws,kws,cmsis_nn_ofast;public_comparison,,,not_run_build_failed,,drop_build_failed,failure_or_drop,02_evidence_raw/remote_stm32/root_files/f746_compile_squeeze_matrix.csv,
02_evidence_raw/remote_stm32/root_files/f746_compile_squeeze_matrix.csv,8,f746,kws,kws,cmsis_nn_ofast,,,not_run_no_clear_latency_gain,,drop_negligible_gain_lt_0.5pct,failure_or_drop,02_evidence_raw/remote_stm32/root_files/f746_compile_squeeze_matrix.csv,
02_evidence_raw/remote_stm32/root_files/f746_compile_squeeze_matrix.csv,10,f746,vww,vww,cmsis_nn_ofast,,,not_run_perf_slower_than_retained,,drop_slower_than_ofast,failure_or_drop,02_evidence_raw/remote_stm32/root_files/f746_compile_squeeze_matrix.csv,
02_evidence_raw/remote_stm32/root_files/f746_compile_squeeze_matrix.csv,12,f746,vww,vww,cmsis_nn_ofast,,,not_run_lto_family_blocked,,drop_lto_family_until_wrap_strategy_changes,failure_or_drop,02_evidence_raw/remote_stm32/root_files/f746_compile_squeeze_matrix.csv,
02_evidence_raw/remote_stm32/root_files/f746_compile_squeeze_matrix.csv,13,f746,vww,vww,cmsis_nn_ofast,,,not_run_lto_family_blocked,,drop_lto_family_until_wrap_strategy_changes,failure_or_drop,02_evidence_raw/remote_stm32/root_files/f746_compile_squeeze_matrix.csv,
02_evidence_raw/remote_stm32/root_files/f746_compile_squeeze_matrix.csv,14,f746,vww,vww,cmsis_nn_ofast,,,not_run_perf_slower_than_retained,,drop_slower_than_cmsis_nn_release_plus_ofast,failure_or_drop,02_evidence_raw/remote_stm32/root_files/f746_compile_squeeze_matrix.csv,
02_evidence_raw/remote_stm32/root_files/f746_compile_squeeze_matrix.csv,15,f746,vww,vww,cmsis_nn_ofast;public_comparison,,,not_run_build_failed,,drop_build_failed,failure_or_drop,02_evidence_raw/remote_stm32/root_files/f746_compile_squeeze_matrix.csv,
02_evidence_raw/remote_stm32/root_files/f746_compile_squeeze_matrix.csv,17,f746,vww,vww,cmsis_nn_ofast,,,not_run_no_clear_latency_gain,,drop_slower_than_cmsis_nn_release_plus_ofast,failure_or_drop,02_evidence_raw/remote_stm32/root_files/f746_compile_squeeze_matrix.csv,
02_evidence_raw/remote_stm32/root_files/f746_compile_squeeze_matrix.csv,19,f746,ic,ic,cmsis_nn_ofast,,,not_run_perf_slower_than_retained,,drop_slower_than_ofast,failure_or_drop,02_evidence_raw/remote_stm32/root_files/f746_compile_squeeze_matrix.csv,
02_evidence_raw/remote_stm32/root_files/f746_compile_squeeze_matrix.csv,21,f746,ic,ic,cmsis_nn_ofast,,,not_run_lto_family_blocked,,drop_lto_family_until_wrap_strategy_changes,failure_or_drop,02_evidence_raw/remote_stm32/root_files/f746_compile_squeeze_matrix.csv,
02_evidence_raw/remote_stm32/root_files/f746_compile_squeeze_matrix.csv,22,f746,ic,ic,cmsis_nn_ofast,,,not_run_lto_family_blocked,,drop_lto_family_until_wrap_strategy_changes,failure_or_drop,02_evidence_raw/remote_stm32/root_files/f746_compile_squeeze_matrix.csv,
02_evidence_raw/remote_stm32/root_files/f746_compile_squeeze_matrix.csv,23,f746,ic,ic,cmsis_nn_ofast,,,not_run_perf_slower_than_retained,,drop_slower_than_cmsis_nn_release_plus_ofast,failure_or_drop,02_evidence_raw/remote_stm32/root_files/f746_compile_squeeze_matrix.csv,
02_evidence_raw/remote_stm32/root_files/f746_compile_squeeze_matrix.csv,24,f746,ic,ic,cmsis_nn_ofast;public_comparison,,,not_run_build_failed,,drop_build_failed,failure_or_drop,02_evidence_raw/remote_stm32/root_files/f746_compile_squeeze_matrix.csv,
02_evidence_raw/remote_stm32/root_files/f746_compile_squeeze_matrix.csv,26,f746,ic,ic,cmsis_nn_ofast,,,not_run_no_clear_latency_gain,,drop_slower_than_cmsis_nn_release_plus_ofast,failure_or_drop,02_evidence_raw/remote_stm32/root_files/f746_compile_squeeze_matrix.csv,
02_evidence_raw/remote_stm32/root_files/f746_compile_squeeze_matrix.csv,30,f746,ad,ad,cmsis_nn_ofast,,,not_run_lto_family_blocked,,drop_lto_family_until_wrap_strategy_changes,failure_or_drop,02_evidence_raw/remote_stm32/root_files/f746_compile_squeeze_matrix.csv,
02_evidence_raw/remote_stm32/root_files/f746_compile_squeeze_matrix.csv,31,f746,ad,ad,cmsis_nn_ofast,,,not_run_lto_family_blocked,,drop_lto_family_until_wrap_strategy_changes,failure_or_drop,02_evidence_raw/remote_stm32/root_files/f746_compile_squeeze_matrix.csv,
02_evidence_raw/remote_stm32/root_files/f746_compile_squeeze_matrix.csv,32,f746,ad,ad,cmsis_nn_ofast,,,not_run_perf_slower_than_retained,,drop_slower_than_cmsis_nn_o3_squeeze,failure_or_drop,02_evidence_raw/remote_stm32/root_files/f746_compile_squeeze_matrix.csv,
02_evidence_raw/remote_stm32/root_files/f746_compile_squeeze_matrix.csv,33,f746,ad,ad,cmsis_nn_ofast;public_comparison,,,not_run_build_failed,,drop_build_failed,failure_or_drop,02_evidence_raw/remote_stm32/root_files/f746_compile_squeeze_matrix.csv,
02_evidence_raw/remote_stm32/root_files/f746_compile_squeeze_matrix.csv,35,f746,ad,ad,cmsis_nn_ofast,,,not_run_no_clear_latency_gain,,drop_slower_than_cmsis_nn_o3_squeeze,failure_or_drop,02_evidence_raw/remote_stm32/root_files/f746_compile_squeeze_matrix.csv,
02_evidence_raw/remote_stm32/root_files/f746_deep_squeeze_replay_matrix.csv,1,f746,ic,ic_residual_add_fastpath,other,6.843,-0.233,not_run_until_perf_competitive,,drop_slower_than_retained_baseline,failure_or_drop,02_evidence_raw/remote_stm32/root_files/f746_deep_squeeze_replay_matrix.csv,
02_evidence_raw/remote_stm32/root_files/f746_ic_alternative_runtime_matrix.csv,2,f746,ic,ic_residual_add_fastpath,other,6.843,,,,drop_slower_than_retained_baseline,failure_or_drop,02_evidence_raw/remote_stm32/root_files/f746_ic_alternative_runtime_matrix.csv,
02_evidence_raw/remote_stm32/root_files/f746_ic_cmsis_repair_matrix.csv,4,f746,ic,f746_ic_cmsis_repair_matrix,other,,,,,drop_slower_than_retained_baseline,failure_or_drop,02_evidence_raw/remote_stm32/root_files/f746_ic_cmsis_repair_matrix.csv,
02_evidence_raw/remote_stm32/root_files/f746_ic_hotpath_matrix.csv,2,f746,ic,ic,other,,,,,drop_as_score_hotpath,failure_or_drop,02_evidence_raw/remote_stm32/root_files/f746_ic_hotpath_matrix.csv,
02_evidence_raw/remote_stm32/root_files/f746_ic_residual_activation_matrix.csv,2,f746,ic,skip_process_broadcast_when_prepare_says_no_broadcast,public_comparison,6.843,-0.233,,,drop_slower_than_retained_baseline,failure_or_drop,02_evidence_raw/remote_stm32/root_files/f746_ic_residual_activation_matrix.csv,
02_evidence_raw/remote_stm32/root_files/f746_ic_residual_activation_matrix.csv,3,f746,ic,in_place_residual_add,other,,,,,requires tensor_lifetime_proof,failure_or_drop,02_evidence_raw/remote_stm32/root_files/f746_ic_residual_activation_matrix.csv,
02_evidence_raw/remote_stm32/root_files/f746_ic_residual_activation_matrix.csv,4,f746,ic,residual_activation_fusion,other,,,,,requires_math_equivalence_and_profile_evidence,failure_or_drop,02_evidence_raw/remote_stm32/root_files/f746_ic_residual_activation_matrix.csv,
02_evidence_raw/remote_stm32/root_files/f746_int4_executable_gate.csv,1,f746,kws,kws,lowbit_int4,,,,,blocked_no_integrated_int4_runtime_model_path,failure_or_drop,02_evidence_raw/remote_stm32/root_files/f746_int4_executable_gate.csv,
02_evidence_raw/remote_stm32/root_files/f746_int4_executable_gate.csv,2,f746,vww,vww,lowbit_int4,,,,,blocked_no_integrated_int4_runtime_model_path,failure_or_drop,02_evidence_raw/remote_stm32/root_files/f746_int4_executable_gate.csv,
02_evidence_raw/remote_stm32/root_files/f746_int4_executable_gate.csv,3,f746,ic,ic,lowbit_int4,,,,,blocked_no_integrated_int4_runtime_model_path,failure_or_drop,02_evidence_raw/remote_stm32/root_files/f746_int4_executable_gate.csv,
02_evidence_raw/remote_stm32/root_files/f746_int4_executable_gate.csv,4,f746,ad,ad,lowbit_int4,,,,,blocked_no_integrated_int4_runtime_model_path,failure_or_drop,02_evidence_raw/remote_stm32/root_files/f746_int4_executable_gate.csv,
02_evidence_raw/remote_stm32/root_files/f746_int4_matrix.csv,1,f746,kws,kws,lowbit_int4,,,,,do_not_board_run_until_converted_model_and_s4_wrapper_exist,failure_or_drop,02_evidence_raw/remote_stm32/root_files/f746_int4_matrix.csv,
02_evidence_raw/remote_stm32/root_files/f746_int4_matrix.csv,2,f746,kws,kws,lowbit_int4,,,,,do_not_board_run_until_converted_model_and_s4_wrapper_exist,failure_or_drop,02_evidence_raw/remote_stm32/root_files/f746_int4_matrix.csv,
02_evidence_raw/remote_stm32/root_files/f746_int4_matrix.csv,3,f746,kws,kws,lowbit_int4,,,,,do_not_board_run_until_converted_model_and_s4_wrapper_exist,failure_or_drop,02_evidence_raw/remote_stm32/root_files/f746_int4_matrix.csv,
02_evidence_raw/remote_stm32/root_files/f746_int4_matrix.csv,4,f746,vww,vww,lowbit_int4,,,,,do_not_board_run_until_converted_model_and_s4_wrapper_exist,failure_or_drop,02_evidence_raw/remote_stm32/root_files/f746_int4_matrix.csv,
02_evidence_raw/remote_stm32/root_files/f746_int4_matrix.csv,5,f746,vww,vww,lowbit_int4,,,,,do_not_board_run_until_converted_model_and_s4_wrapper_exist,failure_or_drop,02_evidence_raw/remote_stm32/root_files/f746_int4_matrix.csv,
02_evidence_raw/remote_stm32/root_files/f746_int4_matrix.csv,6,f746,vww,vww,lowbit_int4,,,,,do_not_board_run_until_converted_model_and_s4_wrapper_exist,failure_or_drop,02_evidence_raw/remote_stm32/root_files/f746_int4_matrix.csv,
02_evidence_raw/remote_stm32/root_files/f746_int4_matrix.csv,7,f746,ic,ic,lowbit_int4,,,,,do_not_board_run_until_converted_model_and_s4_wrapper_exist,failure_or_drop,02_evidence_raw/remote_stm32/root_files/f746_int4_matrix.csv,
02_evidence_raw/remote_stm32/root_files/f746_int4_matrix.csv,8,f746,ic,ic,lowbit_int4,,,,,do_not_board_run_until_converted_model_and_s4_wrapper_exist,failure_or_drop,02_evidence_raw/remote_stm32/root_files/f746_int4_matrix.csv,
02_evidence_raw/remote_stm32/root_files/f746_int4_matrix.csv,9,f746,ic,ic,lowbit_int4,,,,,do_not_board_run_until_converted_model_and_s4_wrapper_exist,failure_or_drop,02_evidence_raw/remote_stm32/root_files/f746_int4_matrix.csv,
02_evidence_raw/remote_stm32/root_files/f746_int4_matrix.csv,10,f746,ad,ad,lowbit_int4,,,,,do_not_board_run_until_converted_model_and_s4_wrapper_exist,failure_or_drop,02_evidence_raw/remote_stm32/root_files/f746_int4_matrix.csv,
02_evidence_raw/remote_stm32/root_files/f746_int4_matrix.csv,11,f746,ad,ad,lowbit_int4,,,,,do_not_board_run_until_converted_model_and_s4_wrapper_exist,failure_or_drop,02_evidence_raw/remote_stm32/root_files/f746_int4_matrix.csv,
02_evidence_raw/remote_stm32/root_files/f746_int4_matrix.csv,12,f746,ad,ad,lowbit_int4,,,,,do_not_board_run_until_converted_model_and_s4_wrapper_exist,failure_or_drop,02_evidence_raw/remote_stm32/root_files/f746_int4_matrix.csv,
02_evidence_raw/remote_stm32/root_files/f746_kws_custom_hotkernel_matrix.csv,1,f746,kws,custom_fixed_point_frontend_helper,other,,,,,drop_until_real_frontend_path_exists,failure_or_drop,02_evidence_raw/remote_stm32/root_files/f746_kws_custom_hotkernel_matrix.csv,
02_evidence_raw/remote_stm32/root_files/f746_kws_custom_hotkernel_matrix.csv,3,f746,kws,custom_argmax_small_loop,other,,,,,below_gate,failure_or_drop,02_evidence_raw/remote_stm32/root_files/f746_kws_custom_hotkernel_matrix.csv,
02_evidence_raw/remote_stm32/root_files/f746_kws_frontend_squeeze_matrix.csv,2,f746,kws,feature_buffer_reuse,other,,,not_run,,drop_current_artifact_has_host_loaded_feature_tensor,failure_or_drop,02_evidence_raw/remote_stm32/root_files/f746_kws_frontend_squeeze_matrix.csv,
02_evidence_raw/remote_stm32/root_files/f746_kws_hotpath_matrix.csv,2,f746,kws,kws,other,,,,,drop_as_score_hotpath,failure_or_drop,02_evidence_raw/remote_stm32/root_files/f746_kws_hotpath_matrix.csv,
02_evidence_raw/remote_stm32/root_files/f746_memory_tiering_matrix.csv,7,f746,all,all,g0_sram_rescue,,,,,drop_for_latency_first,failure_or_drop,02_evidence_raw/remote_stm32/root_files/f746_memory_tiering_matrix.csv,
02_evidence_raw/remote_stm32/root_files/f746_partial_lto_matrix.csv,1,f746,ad,partial_lto_workaround_review,cmsis_nn_ofast,,,,,permanently_drop_lto_family_until_build_or_wrap_strategy_changes,failure_or_drop,02_evidence_raw/remote_stm32/root_files/f746_partial_lto_matrix.csv,
02_evidence_raw/remote_stm32/root_files/f746_partial_lto_matrix.csv,2,f746,ic,partial_lto_workaround_review,cmsis_nn_ofast,,,,,permanently_drop_lto_family_until_build_or_wrap_strategy_changes,failure_or_drop,02_evidence_raw/remote_stm32/root_files/f746_partial_lto_matrix.csv,
02_evidence_raw/remote_stm32/root_files/f746_partial_lto_matrix.csv,3,f746,kws,partial_lto_workaround_review,cmsis_nn_ofast,,,,,permanently_drop_lto_family_until_build_or_wrap_strategy_changes,failure_or_drop,02_evidence_raw/remote_stm32/root_files/f746_partial_lto_matrix.csv,
02_evidence_raw/remote_stm32/root_files/f746_partial_lto_matrix.csv,4,f746,vww,partial_lto_workaround_review,cmsis_nn_ofast,,,,,permanently_drop_lto_family_until_build_or_wrap_strategy_changes,failure_or_drop,02_evidence_raw/remote_stm32/root_files/f746_partial_lto_matrix.csv,
02_evidence_raw/remote_stm32/root_files/f746_per_file_flags_matrix.csv,2,f746,kws/vww/ic,monitor_o2_or_os_split,cmsis_nn_ofast,,,,,drop_as_score_hotpath,failure_or_drop,02_evidence_raw/remote_stm32/root_files/f746_per_file_flags_matrix.csv,
02_evidence_raw/remote_stm32/root_files/f746_per_file_flags_matrix.csv,3,f746,ad,o3_dense_ofast_file,cmsis_nn_ofast,376.420,0.033,,,drop_negligible_gain_lt_0.5pct,failure_or_drop,02_evidence_raw/remote_stm32/root_files/f746_per_file_flags_matrix.csv,
02_evidence_raw/remote_stm32/root_files/f746_vww_hotpath_matrix.csv,2,f746,vww,vww,other,,,,,drop_as_score_hotpath,failure_or_drop,02_evidence_raw/remote_stm32/root_files/f746_vww_hotpath_matrix.csv,
02_evidence_raw/remote_stm32/root_files/f746_vww_preprocess_matrix.csv,2,f746,vww,lookup_table_normalize,other,,,,,below_expected_0.2pct_score_gain,failure_or_drop,02_evidence_raw/remote_stm32/root_files/f746_vww_preprocess_matrix.csv,
02_evidence_raw/remote_stm32/root_files/f746_vww_preprocess_matrix.csv,4,f746,vww,minimal_postprocess,other,,,,,not_retained_latency_path,failure_or_drop,02_evidence_raw/remote_stm32/root_files/f746_vww_preprocess_matrix.csv,
02_evidence_raw/remote_stm32/root_files/final_all_boards_all_models_matrix.csv,1,f746,kws,cmsis_nn_release_plus_ofast,cmsis_nn_ofast,26.652_inf_sec,,top1_90.1_auc_0.995,,retained,failure_or_drop,02_evidence_raw/remote_stm32/root_files/final_all_boards_all_models_matrix.csv,
02_evidence_raw/remote_stm32/root_files/final_all_boards_all_models_matrix.csv,2,f746,vww,vww_early_dw_pw_stream_checked,early_stream_fusion,8.386_inf_sec,,top1_85.8_auc_0.937,,retained,failure_or_drop,02_evidence_raw/remote_stm32/root_files/final_all_boards_all_models_matrix.csv,
02_evidence_raw/remote_stm32/root_files/final_all_boards_all_models_matrix.csv,3,f746,ic,cmsis_nn_release_plus_ofast,cmsis_nn_ofast,6.859_inf_sec,,top1_87.5_auc_0.988,,retained,failure_or_drop,02_evidence_raw/remote_stm32/root_files/final_all_boards_all_models_matrix.csv,
02_evidence_raw/remote_stm32/root_files/final_all_boards_all_models_matrix.csv,4,f746,ad,ad_static_schedule_direct_cmsis_s8_unchecked,static_schedule,396.286_inf_sec,,top1_78.1_auc_0.862,,retained,failure_or_drop,02_evidence_raw/remote_stm32/root_files/final_all_boards_all_models_matrix.csv,
02_evidence_raw/remote_stm32/root_files/final_all_boards_all_models_matrix.csv,5,u575,kws,stm32ai_prebuilt_v1.3_st,u575_runtime_recovery,34.489_inf_sec,,top1_90.2_auc_0.995,,prebuilt_oracle_only,failure_or_drop,02_evidence_raw/remote_stm32/root_files/final_all_boards_all_models_matrix.csv,
02_evidence_raw/remote_stm32/root_files/final_all_boards_all_models_matrix.csv,6,u575,vww,stm32ai_prebuilt_v1.3_st,u575_runtime_recovery,16.873_inf_sec,,top1_85.6_auc_0.937,,prebuilt_oracle_only,failure_or_drop,02_evidence_raw/remote_stm32/root_files/final_all_boards_all_models_matrix.csv,
02_evidence_raw/remote_stm32/root_files/final_all_boards_all_models_matrix.csv,7,u575,ic,stm32ai_prebuilt_v1.3_st,u575_runtime_recovery,9.133_inf_sec,,top1_87.0_auc_0.988,,prebuilt_oracle_only,failure_or_drop,02_evidence_raw/remote_stm32/root_files/final_all_boards_all_models_matrix.csv,
02_evidence_raw/remote_stm32/root_files/final_all_boards_all_models_matrix.csv,8,u575,ad,stm32ai_prebuilt_v1.3_st,u575_runtime_recovery,311.579_inf_sec,,top1_77.8_auc_0.862,,prebuilt_oracle_only,failure_or_drop,02_evidence_raw/remote_stm32/root_files/final_all_boards_all_models_matrix.csv,
02_evidence_raw/remote_stm32/root_files/final_all_boards_all_models_matrix.csv,9,g0,kws,cmsis_nn_latency_rescue_128k_align16,cmsis_nn_ofast;g0_sram_rescue,0.169_inf_sec,,not_run_noncompetitive_latency,,dropped_noncompetitive,failure_or_drop,02_evidence_raw/remote_stm32/root_files/final_all_boards_all_models_matrix.csv,
02_evidence_raw/remote_stm32/root_files/final_all_boards_all_models_matrix.csv,10,g0,vww,cmsis_nn_feasibility_only,cmsis_nn_ofast;g0_sram_rescue,not_run,,not_run,,infeasible_on_board,failure_or_drop,02_evidence_raw/remote_stm32/root_files/final_all_boards_all_models_matrix.csv,
02_evidence_raw/remote_stm32/root_files/final_all_boards_all_models_matrix.csv,11,g0,ic,cmsis_nn_feasibility_only,cmsis_nn_ofast;g0_sram_rescue,not_run,,not_run,,infeasible_on_board,failure_or_drop,02_evidence_raw/remote_stm32/root_files/final_all_boards_all_models_matrix.csv,
02_evidence_raw/remote_stm32/root_files/final_all_boards_all_models_matrix.csv,12,g0,ad,cmsis_nn_newer_mbed_trial,cmsis_nn_ofast;g0_sram_rescue,330.971_inf_sec,,top1_78.1_auc_0.862,,retained,failure_or_drop,02_evidence_raw/remote_stm32/root_files/final_all_boards_all_models_matrix.csv,
02_evidence_raw/remote_stm32/root_files/g0_kws_rescue_matrix.csv,1,g0,kws,g0_kws_rescue_matrix,arena_reuse;g0_sram_rescue,,,,,drop_as_is,failure_or_drop,02_evidence_raw/remote_stm32/root_files/g0_kws_rescue_matrix.csv,
02_evidence_raw/remote_stm32/root_files/g0_kws_rescue_matrix.csv,2,g0,kws,g0_kws_rescue_matrix,arena_reuse;cmsis_nn_ofast;g0_sram_rescue,,,,,current_impl_drop_latency_rework_only,failure_or_drop,02_evidence_raw/remote_stm32/root_files/g0_kws_rescue_matrix.csv,
02_evidence_raw/remote_stm32/root_files/g0_kws_rescue_matrix.csv,3,g0,kws,g0_kws_rescue_matrix,arena_reuse;g0_sram_rescue,,,,,not_retained_yet,failure_or_drop,02_evidence_raw/remote_stm32/root_files/g0_kws_rescue_matrix.csv,
02_evidence_raw/remote_stm32/root_files/g0_kws_rescue_matrix.csv,4,g0,kws,g0_kws_rescue_matrix,arena_reuse;g0_sram_rescue,,,,,not_retained_yet,failure_or_drop,02_evidence_raw/remote_stm32/root_files/g0_kws_rescue_matrix.csv,
02_evidence_raw/remote_stm32/root_files/g0_kws_rescue_matrix.csv,5,g0,kws,g0_kws_rescue_matrix,arena_reuse;g0_sram_rescue,,,,,not_retained_yet,failure_or_drop,02_evidence_raw/remote_stm32/root_files/g0_kws_rescue_matrix.csv,
02_evidence_raw/remote_stm32/root_files/g0_kws_rescue_matrix.csv,6,g0,kws,g0_kws_rescue_matrix,arena_reuse;g0_sram_rescue,,,,,not_retained_yet,failure_or_drop,02_evidence_raw/remote_stm32/root_files/g0_kws_rescue_matrix.csv,
02_evidence_raw/remote_stm32/root_files/g0_kws_rescue_matrix.csv,7,g0,kws,g0_kws_rescue_matrix,arena_reuse;g0_sram_rescue,,,,,pending_lower_priority,failure_or_drop,02_evidence_raw/remote_stm32/root_files/g0_kws_rescue_matrix.csv,
02_evidence_raw/remote_stm32/root_files/g0_kws_rescue_matrix.csv,8,g0,kws,g0_kws_rescue_matrix,arena_reuse;g0_sram_rescue,,,,,drop_for_now,failure_or_drop,02_evidence_raw/remote_stm32/root_files/g0_kws_rescue_matrix.csv,
02_evidence_raw/remote_stm32/root_files/g0_kws_rescue_matrix.csv,9,g0,kws,g0_kws_rescue_matrix,arena_reuse;g0_sram_rescue,,,,,drop_for_now,failure_or_drop,02_evidence_raw/remote_stm32/root_files/g0_kws_rescue_matrix.csv,
02_evidence_raw/remote_stm32/root_files/reproducibility_matrix.csv,10,g0,kws,cmsis_nn_latency_rescue_128k,cmsis_nn_ofast;g0_sram_rescue,,,,,formal_window1_completed_noncompetitive,failure_or_drop,02_evidence_raw/remote_stm32/root_files/reproducibility_matrix.csv,
02_evidence_raw/remote_stm32/root_files/results_matrix.csv,23,g0,kws,cmsis_nn_latency_rescue_124k,arena_reuse;cmsis_nn_ofast;g0_sram_rescue;public_comparison,,,not_run,,drop_substable_arena,failure_or_drop,02_evidence_raw/remote_stm32/root_files/results_matrix.csv,
02_evidence_raw/remote_stm32/root_files/results_matrix.csv,27,g0,kws,cmsis_nn_latency_rescue_128k_align16,arena_reuse;cmsis_nn_ofast;u575_runtime_recovery;g0_sram_rescue,,,not_run,,drop_current_impl_noncompetitive_latency,failure_or_drop,02_evidence_raw/remote_stm32/root_files/results_matrix.csv,
02_evidence_raw/remote_stm32/root_files/results_matrix.csv,32,f746,kws,cmsis_nn_o3_squeeze,cmsis_nn_ofast,,,not_run_perf_slower_than_retained,,drop_slower_than_ofast,failure_or_drop,02_evidence_raw/remote_stm32/root_files/results_matrix.csv,
02_evidence_raw/remote_stm32/root_files/results_matrix.csv,33,f746,vww,cmsis_nn_o3_squeeze,cmsis_nn_ofast,,,not_run_perf_slower_than_retained,,drop_slower_than_ofast,failure_or_drop,02_evidence_raw/remote_stm32/root_files/results_matrix.csv,
02_evidence_raw/remote_stm32/root_files/results_matrix.csv,34,f746,ic,cmsis_nn_o3_squeeze,cmsis_nn_ofast,,,not_run_perf_slower_than_retained,,drop_slower_than_ofast,failure_or_drop,02_evidence_raw/remote_stm32/root_files/results_matrix.csv,
02_evidence_raw/remote_stm32/root_files/results_matrix.csv,35,f746,kws,cmsis_nn_ofast_gc_squeeze,cmsis_nn_ofast,,,not_run_no_clear_latency_gain,,drop_negligible_gain_lt_0.5pct,failure_or_drop,02_evidence_raw/remote_stm32/root_files/results_matrix.csv,
02_evidence_raw/remote_stm32/root_files/results_matrix.csv,36,f746,vww,cmsis_nn_ofast_gc_squeeze,cmsis_nn_ofast,,,not_run_perf_slower_than_retained,,drop_slower_than_cmsis_nn_release_plus_ofast,failure_or_drop,02_evidence_raw/remote_stm32/root_files/results_matrix.csv,
02_evidence_raw/remote_stm32/root_files/results_matrix.csv,37,f746,ic,cmsis_nn_ofast_gc_squeeze,cmsis_nn_ofast,,,not_run_perf_slower_than_retained,,drop_slower_than_cmsis_nn_release_plus_ofast,failure_or_drop,02_evidence_raw/remote_stm32/root_files/results_matrix.csv,
02_evidence_raw/remote_stm32/root_files/results_matrix.csv,38,f746,ad,cmsis_nn_ofast_gc_squeeze,cmsis_nn_ofast,,,not_run_perf_slower_than_retained,,drop_slower_than_cmsis_nn_o3_squeeze,failure_or_drop,02_evidence_raw/remote_stm32/root_files/results_matrix.csv,
02_evidence_raw/remote_stm32/root_files/results_matrix.csv,39,f746,kws,cmsis_nn_ofast_no_common_squeeze,cmsis_nn_ofast,,,not_run_no_clear_latency_gain,,drop_negligible_gain_lt_0.5pct,failure_or_drop,02_evidence_raw/remote_stm32/root_files/results_matrix.csv,
02_evidence_raw/remote_stm32/root_files/results_matrix.csv,40,f746,vww,cmsis_nn_ofast_no_common_squeeze,cmsis_nn_ofast,,,not_run_no_clear_latency_gain,,drop_slower_than_cmsis_nn_release_plus_ofast,failure_or_drop,02_evidence_raw/remote_stm32/root_files/results_matrix.csv,
02_evidence_raw/remote_stm32/root_files/results_matrix.csv,41,f746,ic,cmsis_nn_ofast_no_common_squeeze,cmsis_nn_ofast,,,not_run_no_clear_latency_gain,,drop_slower_than_cmsis_nn_release_plus_ofast,failure_or_drop,02_evidence_raw/remote_stm32/root_files/results_matrix.csv,
02_evidence_raw/remote_stm32/root_files/results_matrix.csv,42,f746,ad,cmsis_nn_ofast_no_common_squeeze,cmsis_nn_ofast,,,not_run_no_clear_latency_gain,,drop_slower_than_cmsis_nn_o3_squeeze,failure_or_drop,02_evidence_raw/remote_stm32/root_files/results_matrix.csv,
02_evidence_raw/remote_stm32/root_files/results_matrix.csv,43,f746,ad,cmsis_nn_o3_dense_ofast_file,cmsis_nn_ofast,,,not_run_no_clear_latency_gain,,drop_negligible_gain_lt_0.5pct,failure_or_drop,02_evidence_raw/remote_stm32/root_files/results_matrix.csv,
02_evidence_raw/remote_stm32/root_files/runtime_feasibility_matrix.csv,1,u575,kws,stm32ai_prebuilt_v1.3_st,u575_runtime_recovery;public_comparison,,,pass_top1_90.2_auc_0.995,,retained_current_best,failure_or_drop,02_evidence_raw/remote_stm32/root_files/runtime_feasibility_matrix.csv,
02_evidence_raw/remote_stm32/root_files/runtime_feasibility_matrix.csv,2,u575,vww,stm32ai_prebuilt_v1.3_st,u575_runtime_recovery;public_comparison,,,pass_top1_85.6_auc_0.937,,retained_current_best,failure_or_drop,02_evidence_raw/remote_stm32/root_files/runtime_feasibility_matrix.csv,
02_evidence_raw/remote_stm32/root_files/runtime_feasibility_matrix.csv,3,u575,ic,stm32ai_prebuilt_v1.3_st,u575_runtime_recovery,,,pass_top1_87.0_auc_0.988,,retained_current_best,failure_or_drop,02_evidence_raw/remote_stm32/root_files/runtime_feasibility_matrix.csv,
02_evidence_raw/remote_stm32/root_files/runtime_feasibility_matrix.csv,4,u575,ad,stm32ai_prebuilt_v1.3_st,u575_runtime_recovery;public_comparison,,,pass_top1_77.8_auc_0.862,,retained_current_best,failure_or_drop,02_evidence_raw/remote_stm32/root_files/runtime_feasibility_matrix.csv,
02_evidence_raw/remote_stm32/root_files/runtime_feasibility_matrix.csv,5,u575,sww,stm32ai_prebuilt_v1.3_st,early_stream_fusion;u575_runtime_recovery,,,not_run,,retain_candidate,failure_or_drop,02_evidence_raw/remote_stm32/root_files/runtime_feasibility_matrix.csv,
02_evidence_raw/remote_stm32/root_files/runtime_feasibility_matrix.csv,6,u575,kws,cubeai_template_clone_sample_bundle,u575_runtime_recovery,,,not_run_invalid_candidate,,blocked_on_real_cm33_u575_bundle,failure_or_drop,02_evidence_raw/remote_stm32/root_files/runtime_feasibility_matrix.csv,
02_evidence_raw/remote_stm32/root_files/runtime_feasibility_matrix.csv,10,u575,kws,ncnn_minimal,u575_runtime_recovery,,,not_run,,drop_unless_strong_evidence,failure_or_drop,02_evidence_raw/remote_stm32/root_files/runtime_feasibility_matrix.csv,
02_evidence_raw/remote_stm32/root_files/runtime_feasibility_matrix.csv,11,f746,kws,cmsis_nn,cmsis_nn_ofast;public_comparison,,,pass_top1_90.1_auc_0.995,,retained_current_f746_best,failure_or_drop,02_evidence_raw/remote_stm32/root_files/runtime_feasibility_matrix.csv,
02_evidence_raw/remote_stm32/root_files/runtime_feasibility_matrix.csv,12,f746,kws,cmsis_nn_release_plus_ofast,cmsis_nn_ofast,,,pass_top1_90.1_auc_0.995,,retained_new_latency_best,failure_or_drop,02_evidence_raw/remote_stm32/root_files/runtime_feasibility_matrix.csv,
02_evidence_raw/remote_stm32/root_files/runtime_feasibility_matrix.csv,13,f746,vww,cmsis_nn,arena_reuse;cmsis_nn_ofast,,,pass_top1_85.8_auc_0.937,,retained_current_f746_vww_candidate,failure_or_drop,02_evidence_raw/remote_stm32/root_files/runtime_feasibility_matrix.csv,
02_evidence_raw/remote_stm32/root_files/runtime_feasibility_matrix.csv,15,f746,ic,cmsis_nn,cmsis_nn_ofast;operator_autotune,,,pass_top1_87.5_auc_0.988,,retained_current_f746_ic_candidate,failure_or_drop,02_evidence_raw/remote_stm32/root_files/runtime_feasibility_matrix.csv,
02_evidence_raw/remote_stm32/root_files/runtime_feasibility_matrix.csv,16,f746,ad,cmsis_nn,cmsis_nn_ofast,,,pass_top1_78.1_auc_0.862,,retained_current_f746_ad_candidate,failure_or_drop,02_evidence_raw/remote_stm32/root_files/runtime_feasibility_matrix.csv,
02_evidence_raw/remote_stm32/root_files/runtime_feasibility_matrix.csv,17,g0,kws,cmsis_nn,cmsis_nn_ofast;g0_sram_rescue,,,not_run,,drop_current_impl_reopen_only_if_feature_chain_changes,failure_or_drop,02_evidence_raw/remote_stm32/root_files/runtime_feasibility_matrix.csv,
02_evidence_raw/remote_stm32/root_files/runtime_feasibility_matrix.csv,18,g0,ad,cmsis_nn,cmsis_nn_ofast;g0_sram_rescue,,,pass_top1_78.1_auc_0.862,,retained_current_g0_ad_candidate,failure_or_drop,02_evidence_raw/remote_stm32/root_files/runtime_feasibility_matrix.csv,
02_evidence_raw/remote_stm32/root_files/static_resource_rank.csv,8,f746,ad,ofast_lto_gc,cmsis_nn_ofast,,,,,fail,failure_or_drop,02_evidence_raw/remote_stm32/root_files/static_resource_rank.csv,
02_evidence_raw/remote_stm32/root_files/static_resource_rank.csv,16,f746,ic,ofast_lto_gc,cmsis_nn_ofast,,,,,fail,failure_or_drop,02_evidence_raw/remote_stm32/root_files/static_resource_rank.csv,
02_evidence_raw/remote_stm32/root_files/static_resource_rank.csv,24,f746,kws,ofast_lto_gc,cmsis_nn_ofast,,,,,fail,failure_or_drop,02_evidence_raw/remote_stm32/root_files/static_resource_rank.csv,
02_evidence_raw/remote_stm32/root_files/static_resource_rank.csv,32,f746,vww,ofast_lto_gc,cmsis_nn_ofast,,,,,fail,failure_or_drop,02_evidence_raw/remote_stm32/root_files/static_resource_rank.csv,
02_evidence_raw/remote_stm32/root_files/u575_arena_search_kws.csv,1,u575,kws,kws,arena_reuse;u575_runtime_recovery,,,,,hold_prebuilt_leader_until_source_project_exists,failure_or_drop,02_evidence_raw/remote_stm32/root_files/u575_arena_search_kws.csv,
02_evidence_raw/remote_stm32/root_files/u575_compile_flag_matrix_kws.csv,1,u575,kws,kws,arena_reuse;u575_runtime_recovery,,,,,retain_latency_leader_for_now,failure_or_drop,02_evidence_raw/remote_stm32/root_files/u575_compile_flag_matrix_kws.csv,
02_evidence_raw/remote_stm32/root_files/u575_regeneration_attempts.csv,1,u575,unknown,u575_regeneration_attempts,u575_runtime_recovery,,,,,blocked_no_real_cm33_u5_runtime_lib,failure_or_drop,02_evidence_raw/remote_stm32/root_files/u575_regeneration_attempts.csv,
02_evidence_raw/remote_stm32/root_files/u575_runtime_arch_matrix.csv,1,u575,unknown,no_cm33_u5_runtime_lib_found,u575_runtime_recovery,,,,,blocked_on_real_cm33_u575_bundle,failure_or_drop,02_evidence_raw/remote_stm32/root_files/u575_runtime_arch_matrix.csv,
02_evidence_raw/remote_stm32/root_files/u575_source_generation_options_matrix.csv,2,u575,unknown,u575_source_generation_options_matrix,u575_runtime_recovery,,,,,unspecified,failure_or_drop,02_evidence_raw/remote_stm32/root_files/u575_source_generation_options_matrix.csv,
02_evidence_raw/remote_stm32/runtime/f746_codegen_block_matrix.csv,6,f746,ad,ad_selective_weight_only_int4_pair_smlad,fixed_shape_codegen;lowbit_int4,153.344,-59.249,,,drop_slower_than_retained,failure_or_drop,02_evidence_raw/remote_stm32/runtime/f746_codegen_block_matrix.csv,
02_evidence_raw/remote_stm32/runtime/f746_ic_alternative_runtime_matrix.csv,2,f746,ic,ic_residual_add_fastpath,other,6.843,,,,drop_slower_than_retained_baseline,failure_or_drop,02_evidence_raw/remote_stm32/runtime/f746_ic_alternative_runtime_matrix.csv,
02_evidence_raw/remote_stm32/runtime/f746_ic_convblock_codegen_matrix.csv,1,f746,ic,ic_convblock1_fixedshape_checked,fixed_shape_codegen,6.860,,not_run_quick_gate,not_run,quick_drop_gain_lt_0p2,failure_or_drop,02_evidence_raw/remote_stm32/runtime/f746_ic_convblock_codegen_matrix.csv,
02_evidence_raw/remote_stm32/runtime/f746_ic_convblock_codegen_matrix.csv,2,f746,ic,ic_convblock1_fixedshape_unchecked,fixed_shape_codegen,6.949,,failed_or_below_threshold,not_run,drop_accuracy_gate,failure_or_drop,02_evidence_raw/remote_stm32/runtime/f746_ic_convblock_codegen_matrix.csv,
02_evidence_raw/remote_stm32/runtime/f746_ic_convblock_codegen_matrix.csv,3,f746,ic,ic_convblock2_fixedshape_checked,fixed_shape_codegen,5.292,,not_run_quick_gate,not_run,quick_drop_gain_lt_0p2,failure_or_drop,02_evidence_raw/remote_stm32/runtime/f746_ic_convblock_codegen_matrix.csv,
02_evidence_raw/remote_stm32/runtime/f746_ic_convblock_codegen_matrix.csv,4,f746,ic,ic_convblock2_fixedshape_unchecked,fixed_shape_codegen,5.296,,not_run_quick_gate,not_run,quick_drop_gain_lt_0p2,failure_or_drop,02_evidence_raw/remote_stm32/runtime/f746_ic_convblock_codegen_matrix.csv,
02_evidence_raw/remote_stm32/runtime/f746_ic_convblock_codegen_matrix.csv,10,f746,ic,ic_conv_residual_coupled_block112_checked,fixed_shape_codegen;residual_coupled,6.846,,not_run_quick_gate_fail,,drop_quick_perf_below_baseline_and_unstable,failure_or_drop,02_evidence_raw/remote_stm32/runtime/f746_ic_convblock_codegen_matrix.csv,
02_evidence_raw/remote_stm32/runtime/f746_ic_convblock_codegen_matrix.csv,11,f746,ic,ic_conv_residual_coupled_block112_unchecked,fixed_shape_codegen;residual_coupled,no_response_after_flash,,not_run_smoke_fail,,drop_boot_or_monitor_failure,failure_or_drop,02_evidence_raw/remote_stm32/runtime/f746_ic_convblock_codegen_matrix.csv,
02_evidence_raw/remote_stm32/runtime/f746_ic_convblock_codegen_matrix.csv,12,f746,ic,ic_static_schedule_checked,static_schedule;fixed_shape_codegen,6.848,,not_run_quick_gate_fail,,drop_no_gain,failure_or_drop,02_evidence_raw/remote_stm32/runtime/f746_ic_convblock_codegen_matrix.csv,
02_evidence_raw/remote_stm32/runtime/f746_ic_convblock_codegen_matrix.csv,13,f746,ic,ic_static_schedule_unchecked,static_schedule;fixed_shape_codegen,6.858,,not_run_quick_gate_fail,,drop_no_gain,failure_or_drop,02_evidence_raw/remote_stm32/runtime/f746_ic_convblock_codegen_matrix.csv,
02_evidence_raw/remote_stm32/runtime/f746_ic_fixedshape_candidate_matrix.csv,3,f746,ic,ic_residual_add_fixedshape_checked,fixed_shape_codegen,6.862,0.044,not_run_quick_gate,not_run,quick_drop_gain_lt_0p2,failure_or_drop,02_evidence_raw/remote_stm32/runtime/f746_ic_fixedshape_candidate_matrix.csv,
02_evidence_raw/remote_stm32/runtime/f746_ic_fixedshape_candidate_matrix.csv,4,f746,ic,ic_residual_add_fixedshape_unchecked,fixed_shape_codegen,6.859,0.000,not_run_quick_gate,not_run,quick_drop_gain_lt_0p2,failure_or_drop,02_evidence_raw/remote_stm32/runtime/f746_ic_fixedshape_candidate_matrix.csv,
02_evidence_raw/remote_stm32/runtime/f746_ic_fixedshape_candidate_matrix.csv,5,f746,ic,ic_convblock1_fixedshape_checked,fixed_shape_codegen,6.860,0.015,not_run_quick_gate,not_run,quick_drop_gain_lt_0p2,failure_or_drop,02_evidence_raw/remote_stm32/runtime/f746_ic_fixedshape_candidate_matrix.csv,
02_evidence_raw/remote_stm32/runtime/f746_ic_fixedshape_candidate_matrix.csv,6,f746,ic,ic_convblock1_fixedshape_unchecked,fixed_shape_codegen;public_comparison,6.949,1.312,failed_or_below_threshold,not_run,drop_accuracy_gate,failure_or_drop,02_evidence_raw/remote_stm32/runtime/f746_ic_fixedshape_candidate_matrix.csv,
02_evidence_raw/remote_stm32/runtime/f746_ic_fixedshape_candidate_matrix.csv,7,f746,ic,ic_convblock2_fixedshape_checked,fixed_shape_codegen,5.292,-22.846,not_run_quick_gate,not_run,quick_drop_gain_lt_0p2,failure_or_drop,02_evidence_raw/remote_stm32/runtime/f746_ic_fixedshape_candidate_matrix.csv,
02_evidence_raw/remote_stm32/runtime/f746_ic_fixedshape_candidate_matrix.csv,8,f746,ic,ic_convblock2_fixedshape_unchecked,fixed_shape_codegen,5.296,-22.788,not_run_quick_gate,not_run,quick_drop_gain_lt_0p2,failure_or_drop,02_evidence_raw/remote_stm32/runtime/f746_ic_fixedshape_candidate_matrix.csv,
02_evidence_raw/remote_stm32/runtime/f746_ic_fixedshape_candidate_matrix.csv,11,f746,ic,ic_conv_residual_coupled_checked,fixed_shape_codegen;residual_coupled,6.845,-0.204,not_run_quick_gate,not_run,quick_drop_gain_lt_0p2,failure_or_drop,02_evidence_raw/remote_stm32/runtime/f746_ic_fixedshape_candidate_matrix.csv,
02_evidence_raw/remote_stm32/runtime/f746_ic_fixedshape_candidate_matrix.csv,12,f746,ic,ic_conv_residual_coupled_unchecked,fixed_shape_codegen;residual_coupled;public_comparison,6.983,1.808,failed_or_below_threshold,not_run,drop_accuracy_gate,failure_or_drop,02_evidence_raw/remote_stm32/runtime/f746_ic_fixedshape_candidate_matrix.csv,
02_evidence_raw/remote_stm32/runtime/f746_ic_fixedshape_candidate_matrix.csv,13,f746,ic,ic_conv_residual_coupled_block112_checked,fixed_shape_codegen;residual_coupled,6.846,-0.190,not_run_quick_gate_fail,not_run,drop_quick_perf_below_baseline_and_unstable,failure_or_drop,02_evidence_raw/remote_stm32/runtime/f746_ic_fixedshape_candidate_matrix.csv,
02_evidence_raw/remote_stm32/runtime/f746_ic_fixedshape_candidate_matrix.csv,14,f746,ic,ic_conv_residual_coupled_block112_unchecked,fixed_shape_codegen;residual_coupled;public_comparison,6.928,1.006,failed_or_below_threshold,not_run,drop_accuracy_gate,failure_or_drop,02_evidence_raw/remote_stm32/runtime/f746_ic_fixedshape_candidate_matrix.csv,
02_evidence_raw/remote_stm32/runtime/f746_ic_fixedshape_candidate_matrix.csv,15,f746,ic,ic_static_schedule_checked,static_schedule;fixed_shape_codegen,6.848,-0.160,not_run_quick_gate_fail,,drop_no_gain,failure_or_drop,02_evidence_raw/remote_stm32/runtime/f746_ic_fixedshape_candidate_matrix.csv,
02_evidence_raw/remote_stm32/runtime/f746_ic_fixedshape_candidate_matrix.csv,16,f746,ic,ic_static_schedule_unchecked,static_schedule;fixed_shape_codegen,6.858,-0.015,not_run_quick_gate_fail,,drop_no_gain,failure_or_drop,02_evidence_raw/remote_stm32/runtime/f746_ic_fixedshape_candidate_matrix.csv,
02_evidence_raw/remote_stm32/runtime/f746_ic_static_schedule_checked_matrix.csv,1,f746,ic,ic_static_schedule_checked,static_schedule,6.848,-0.160,not_run_quick_gate_fail,,drop_no_gain,failure_or_drop,02_evidence_raw/remote_stm32/runtime/f746_ic_static_schedule_checked_matrix.csv,
02_evidence_raw/remote_stm32/runtime/f746_ic_static_schedule_checked_matrix.csv,2,f746,ic,ic_static_schedule_unchecked,static_schedule,6.858,-0.015,not_run_quick_gate_fail,,drop_no_gain,failure_or_drop,02_evidence_raw/remote_stm32/runtime/f746_ic_static_schedule_checked_matrix.csv,
02_evidence_raw/remote_stm32/runtime/f746_ic_static_schedule_unchecked_matrix.csv,1,f746,ic,ic_static_schedule_unchecked,static_schedule,6.858,-0.015,not_run_quick_gate_fail,,drop_no_gain,failure_or_drop,02_evidence_raw/remote_stm32/runtime/f746_ic_static_schedule_unchecked_matrix.csv,
02_evidence_raw/remote_stm32/runtime/f746_ic_static_schedule_unchecked_matrix.csv,2,f746,ic,ic_static_schedule_checked,static_schedule,6.848,-0.160,not_run_quick_gate_fail,,drop_no_gain,failure_or_drop,02_evidence_raw/remote_stm32/runtime/f746_ic_static_schedule_unchecked_matrix.csv,
02_evidence_raw/remote_stm32/runtime/f746_kws_fixedshape_longrun_matrix.csv,3,f746,kws,kws_no_copy_input_buffer,fixed_shape_codegen;public_comparison,26.409,-0.912,not_run_quick_gate,not_run,quick_drop_gain_lt_0p2,failure_or_drop,02_evidence_raw/remote_stm32/runtime/f746_kws_fixedshape_longrun_matrix.csv,
02_evidence_raw/remote_stm32/runtime/f746_vww_deep_codegen_matrix.csv,5,f746,vww,vww_second_pointwise_hotspot_fixedshape_checked,fixed_shape_codegen,pending_board,pending_board,not_run_quick_gate,not_run,quick_drop_gain_lt_0p2,failure_or_drop,02_evidence_raw/remote_stm32/runtime/f746_vww_deep_codegen_matrix.csv,
02_evidence_raw/remote_stm32/runtime/f746_vww_deep_codegen_matrix.csv,6,f746,vww,vww_second_pointwise_hotspot_fixedshape_unchecked,fixed_shape_codegen,pending_board,pending_board,not_run_quick_gate,not_run,quick_drop_gain_lt_0p2,failure_or_drop,02_evidence_raw/remote_stm32/runtime/f746_vww_deep_codegen_matrix.csv,
02_evidence_raw/remote_stm32/runtime/f746_vww_deep_codegen_matrix.csv,11,f746,vww,vww_depthwise_tail_fixedshape_checked,fixed_shape_codegen,pending_board,pending_board,not_run_quick_gate,not_run,quick_drop_gain_lt_0p2,failure_or_drop,02_evidence_raw/remote_stm32/runtime/f746_vww_deep_codegen_matrix.csv,
02_evidence_raw/remote_stm32/runtime/f746_vww_deep_codegen_matrix.csv,12,f746,vww,vww_depthwise_tail_fixedshape_unchecked,fixed_shape_codegen,pending_board,pending_board,not_run_quick_gate,not_run,quick_drop_gain_lt_0p2,failure_or_drop,02_evidence_raw/remote_stm32/runtime/f746_vww_deep_codegen_matrix.csv,
02_evidence_raw/remote_stm32/runtime/f746_vww_deep_codegen_matrix.csv,15,f746,vww,vww_best_retained_plus_static_schedule_checked,early_stream_fusion;static_schedule;fixed_shape_codegen,8.223,-1.944,not_run_quick_gate_fail,,drop_vs_current_retained_8p386,failure_or_drop,02_evidence_raw/remote_stm32/runtime/f746_vww_deep_codegen_matrix.csv,
02_evidence_raw/remote_stm32/runtime/f746_vww_deep_codegen_matrix.csv,16,f746,vww,vww_best_retained_plus_static_schedule_unchecked,early_stream_fusion;static_schedule;fixed_shape_codegen,8.250,-1.622,not_run_quick_gate_fail,,drop_vs_current_retained_8p386,failure_or_drop,02_evidence_raw/remote_stm32/runtime/f746_vww_deep_codegen_matrix.csv,
02_evidence_raw/remote_stm32/runtime/f746_vww_deep_codegen_matrix.csv,17,f746,vww,vww_early_dw_pw_coupled_checked,early_stream_fusion;fixed_shape_codegen;residual_coupled,8.279,-1.276,not_run_quick_gate_fail,,drop_vs_current_retained_8p386,failure_or_drop,02_evidence_raw/remote_stm32/runtime/f746_vww_deep_codegen_matrix.csv,
02_evidence_raw/remote_stm32/runtime/f746_vww_deep_codegen_matrix.csv,18,f746,vww,vww_early_dw_pw_coupled_unchecked,early_stream_fusion;fixed_shape_codegen;residual_coupled,8.227,-1.896,not_run_quick_gate_fail,,drop_vs_current_retained_8p386,failure_or_drop,02_evidence_raw/remote_stm32/runtime/f746_vww_deep_codegen_matrix.csv,
02_evidence_raw/remote_stm32/runtime/f746_vww_deep_codegen_matrix.csv,19,f746,vww,vww_early_dw_pw_stream_arena_reuse_checked,early_stream_fusion;arena_reuse;fixed_shape_codegen,0,crash,not_run_smoke_fail,,drop_arena_alias_unsafe,failure_or_drop,02_evidence_raw/remote_stm32/runtime/f746_vww_deep_codegen_matrix.csv,
02_evidence_raw/remote_stm32/runtime/f746_vww_deep_codegen_matrix.csv,20,f746,vww,vww_early_dw_pw_stream_arena_reuse_unchecked,early_stream_fusion;arena_reuse;fixed_shape_codegen,0,crash,not_run_smoke_fail,,drop_arena_alias_unsafe,failure_or_drop,02_evidence_raw/remote_stm32/runtime/f746_vww_deep_codegen_matrix.csv,
02_evidence_raw/remote_stm32/runtime/f746_vww_fixedshape_candidate_matrix.csv,1,f746,vww,vww_tail_fixedshape_checked,fixed_shape_codegen,parse_failed,parse_failed,not_run_quick_gate,not_run,flash_or_smoke_failed,failure_or_drop,02_evidence_raw/remote_stm32/runtime/f746_vww_fixedshape_candidate_matrix.csv,
02_evidence_raw/remote_stm32/runtime/f746_vww_fixedshape_candidate_matrix.csv,11,f746,vww,vww_second_pointwise_hotspot_fixedshape_checked,fixed_shape_codegen,8.182,-1.303,not_run_quick_gate,not_run,quick_drop_gain_lt_0p2,failure_or_drop,02_evidence_raw/remote_stm32/runtime/f746_vww_fixedshape_candidate_matrix.csv,
02_evidence_raw/remote_stm32/runtime/f746_vww_fixedshape_candidate_matrix.csv,12,f746,vww,vww_second_pointwise_hotspot_fixedshape_unchecked,fixed_shape_codegen,8.187,-1.242,not_run_quick_gate,not_run,quick_drop_gain_lt_0p2,failure_or_drop,02_evidence_raw/remote_stm32/runtime/f746_vww_fixedshape_candidate_matrix.csv,
02_evidence_raw/remote_stm32/runtime/f746_vww_fixedshape_candidate_matrix.csv,13,f746,vww,vww_depthwise_tail_fixedshape_checked,fixed_shape_codegen,8.291,0.012,not_run_quick_gate,not_run,quick_drop_gain_lt_0p2,failure_or_drop,02_evidence_raw/remote_stm32/runtime/f746_vww_fixedshape_candidate_matrix.csv,
02_evidence_raw/remote_stm32/runtime/f746_vww_fixedshape_candidate_matrix.csv,14,f746,vww,vww_depthwise_tail_fixedshape_unchecked,fixed_shape_codegen,8.271,-0.229,not_run_quick_gate,not_run,quick_drop_gain_lt_0p2,failure_or_drop,02_evidence_raw/remote_stm32/runtime/f746_vww_fixedshape_candidate_matrix.csv,
02_evidence_raw/remote_stm32/runtime/f746_vww_fixedshape_candidate_matrix.csv,15,f746,vww,vww_best_retained_plus_static_schedule_checked,static_schedule;fixed_shape_codegen,8.223,-0.808,not_run_quick_gate,not_run,quick_drop_gain_lt_0p2,failure_or_drop,02_evidence_raw/remote_stm32/runtime/f746_vww_fixedshape_candidate_matrix.csv,
02_evidence_raw/remote_stm32/runtime/f746_vww_fixedshape_candidate_matrix.csv,16,f746,vww,vww_best_retained_plus_static_schedule_unchecked,static_schedule;fixed_shape_codegen,8.250,-0.483,not_run_quick_gate,not_run,quick_drop_gain_lt_0p2,failure_or_drop,02_evidence_raw/remote_stm32/runtime/f746_vww_fixedshape_candidate_matrix.csv,
02_evidence_raw/remote_stm32/runtime/f746_vww_fixedshape_candidate_matrix.csv,17,f746,vww,vww_early_dw_pw_coupled_checked,fixed_shape_codegen;residual_coupled,8.279,-0.133,not_run_quick_gate,not_run,quick_drop_gain_lt_0p2,failure_or_drop,02_evidence_raw/remote_stm32/runtime/f746_vww_fixedshape_candidate_matrix.csv,
02_evidence_raw/remote_stm32/runtime/f746_vww_fixedshape_candidate_matrix.csv,18,f746,vww,vww_early_dw_pw_coupled_unchecked,fixed_shape_codegen;residual_coupled,8.228,-0.748,not_run_quick_gate,not_run,quick_drop_gain_lt_0p2,failure_or_drop,02_evidence_raw/remote_stm32/runtime/f746_vww_fixedshape_candidate_matrix.csv,
02_evidence_raw/remote_stm32/runtime/f746_vww_fixedshape_candidate_matrix.csv,20,f746,vww,vww_early_dw_pw_stream_unchecked,early_stream_fusion;fixed_shape_codegen,8.306,0.193,not_run_quick_gate,not_run,quick_drop_gain_lt_0p2,failure_or_drop,02_evidence_raw/remote_stm32/runtime/f746_vww_fixedshape_candidate_matrix.csv,
02_evidence_raw/remote_stm32/runtime/f746_vww_fixedshape_candidate_matrix.csv,21,f746,vww,vww_early_b_stride2_dw_pw_stream_checked,early_stream_fusion;fixed_shape_codegen,8.129,-1.942,not_run_quick_gate,not_run,quick_drop_gain_lt_0p2,failure_or_drop,02_evidence_raw/remote_stm32/runtime/f746_vww_fixedshape_candidate_matrix.csv,
02_evidence_raw/remote_stm32/runtime/f746_vww_fixedshape_candidate_matrix.csv,22,f746,vww,vww_early_b_stride2_dw_pw_stream_unchecked,early_stream_fusion;fixed_shape_codegen,8.103,-2.256,not_run_quick_gate,not_run,quick_drop_gain_lt_0p2,failure_or_drop,02_evidence_raw/remote_stm32/runtime/f746_vww_fixedshape_candidate_matrix.csv,
02_evidence_raw/remote_stm32/runtime/f746_vww_fixedshape_candidate_matrix.csv,23,f746,vww,vww_early_dw_pw_stream_arena_reuse_checked,early_stream_fusion;arena_reuse;fixed_shape_codegen,0,crash,not_run_smoke_fail,not_run,drop_arena_alias_unsafe,failure_or_drop,02_evidence_raw/remote_stm32/runtime/f746_vww_fixedshape_candidate_matrix.csv,
02_evidence_raw/remote_stm32/runtime/f746_vww_fixedshape_candidate_matrix.csv,24,f746,vww,vww_early_dw_pw_stream_arena_reuse_unchecked,early_stream_fusion;arena_reuse;fixed_shape_codegen,parse_failed,parse_failed,not_run_quick_gate,not_run,flash_or_smoke_failed,failure_or_drop,02_evidence_raw/remote_stm32/runtime/f746_vww_fixedshape_candidate_matrix.csv,
02_evidence_raw/remote_stm32/runtime/f746_vww_fixedshape_longrun_matrix.csv,3,f746,vww,vww_best_retained_plus_static_schedule_checked,early_stream_fusion;static_schedule;fixed_shape_codegen,8.223,-1.944,gated_by_quick_perf,gated_by_accuracy,implementation_required,failure_or_drop,02_evidence_raw/remote_stm32/runtime/f746_vww_fixedshape_longrun_matrix.csv,
02_evidence_raw/remote_stm32/runtime/f746_vww_fixedshape_longrun_matrix.csv,4,f746,vww,vww_best_retained_plus_static_schedule_unchecked,early_stream_fusion;static_schedule;fixed_shape_codegen,8.250,-1.622,gated_by_quick_perf,gated_by_accuracy,implementation_required,failure_or_drop,02_evidence_raw/remote_stm32/runtime/f746_vww_fixedshape_longrun_matrix.csv,
02_evidence_raw/remote_stm32/runtime/f746_vww_fixedshape_longrun_matrix.csv,5,f746,vww,vww_early_dw_pw_coupled_checked,early_stream_fusion;fixed_shape_codegen;residual_coupled,8.279,-1.276,not_run_quick_gate_fail,,drop_vs_current_retained_8p386,failure_or_drop,02_evidence_raw/remote_stm32/runtime/f746_vww_fixedshape_longrun_matrix.csv,
02_evidence_raw/remote_stm32/runtime/f746_vww_fixedshape_longrun_matrix.csv,6,f746,vww,vww_early_dw_pw_coupled_unchecked,early_stream_fusion;fixed_shape_codegen;residual_coupled,8.227,-1.896,not_run_quick_gate_fail,,drop_vs_current_retained_8p386,failure_or_drop,02_evidence_raw/remote_stm32/runtime/f746_vww_fixedshape_longrun_matrix.csv,
02_evidence_raw/remote_stm32/runtime/ic_residual_coupled_schedule_matrix.csv,2,unknown,ic,ic_residual_coupled_schedule_unchecked,residual_coupled,pending,,pending,,gated,failure_or_drop,02_evidence_raw/remote_stm32/runtime/ic_residual_coupled_schedule_matrix.csv,
02_evidence_raw/remote_stm32/tile_schedule/f746_vww_tile_matrix.csv,7,f746,vww,vww_early_dw_pw_coupled_checked,early_stream_fusion;fixed_shape_codegen;residual_coupled,8.279,-1.276,not_run_quick_gate_fail,,drop_vs_current_retained_8p386,failure_or_drop,02_evidence_raw/remote_stm32/tile_schedule/f746_vww_tile_matrix.csv,
02_evidence_raw/remote_stm32/tile_schedule/f746_vww_tile_matrix.csv,8,f746,vww,vww_early_dw_pw_coupled_unchecked,early_stream_fusion;fixed_shape_codegen;residual_coupled,8.227,-1.896,not_run_quick_gate_fail,,drop_vs_current_retained_8p386,failure_or_drop,02_evidence_raw/remote_stm32/tile_schedule/f746_vww_tile_matrix.csv,
02_evidence_raw/remote_stm32/tile_schedule/vww_early_dw_pw_stream_matrix.csv,5,f746,vww,vww_early_dw_pw_stream_arena_reuse_checked,early_stream_fusion;arena_reuse;fixed_shape_codegen,0,crash,not_run_smoke_fail,,drop_arena_alias_unsafe,failure_or_drop,02_evidence_raw/remote_stm32/tile_schedule/vww_early_dw_pw_stream_matrix.csv,
02_evidence_raw/remote_stm32/tile_schedule/vww_early_dw_pw_stream_matrix.csv,6,f746,vww,vww_early_dw_pw_stream_arena_reuse_unchecked,early_stream_fusion;arena_reuse;fixed_shape_codegen,0,crash,not_run_smoke_fail,,drop_arena_alias_unsafe,failure_or_drop,02_evidence_raw/remote_stm32/tile_schedule/vww_early_dw_pw_stream_matrix.csv,
02_evidence_raw/remote_stm32/validation/f746_deep_impl_candidate_replay.csv,1,f746,vww,vww_tail_fixedshape_checked,fixed_shape_codegen;public_comparison,parse_failed,parse_failed,,,flash_or_smoke_failed,failure_or_drop,02_evidence_raw/remote_stm32/validation/f746_deep_impl_candidate_replay.csv,
02_evidence_raw/remote_stm32/validation/f746_deep_impl_candidate_replay.csv,23,f746,ic,ic_residual_add_fixedshape_checked,fixed_shape_codegen;public_comparison,6.862,0.044,,,quick_drop_gain_lt_0p2,failure_or_drop,02_evidence_raw/remote_stm32/validation/f746_deep_impl_candidate_replay.csv,
02_evidence_raw/remote_stm32/validation/f746_deep_impl_candidate_replay.csv,24,f746,ic,ic_residual_add_fixedshape_unchecked,fixed_shape_codegen;public_comparison,6.859,0.000,,,quick_drop_gain_lt_0p2,failure_or_drop,02_evidence_raw/remote_stm32/validation/f746_deep_impl_candidate_replay.csv,
02_evidence_raw/remote_stm32/validation/f746_deep_impl_candidate_replay.csv,39,f746,ic,ic_convblock1_fixedshape_checked,fixed_shape_codegen;public_comparison,6.860,0.015,,,quick_drop_gain_lt_0p2,failure_or_drop,02_evidence_raw/remote_stm32/validation/f746_deep_impl_candidate_replay.csv,
02_evidence_raw/remote_stm32/validation/f746_deep_impl_candidate_replay.csv,41,f746,ic,ic_convblock1_fixedshape_unchecked,fixed_shape_codegen;public_comparison,,,22.0,,drop_accuracy_gate,failure_or_drop,02_evidence_raw/remote_stm32/validation/f746_deep_impl_candidate_replay.csv,
02_evidence_raw/remote_stm32/validation/f746_deep_impl_candidate_replay.csv,42,f746,vww,vww_second_pointwise_hotspot_fixedshape_checked,fixed_shape_codegen;public_comparison,8.182,-1.303,,,quick_drop_gain_lt_0p2,failure_or_drop,02_evidence_raw/remote_stm32/validation/f746_deep_impl_candidate_replay.csv,
02_evidence_raw/remote_stm32/validation/f746_deep_impl_candidate_replay.csv,43,f746,vww,vww_second_pointwise_hotspot_fixedshape_unchecked,fixed_shape_codegen;public_comparison,8.187,-1.242,,,quick_drop_gain_lt_0p2,failure_or_drop,02_evidence_raw/remote_stm32/validation/f746_deep_impl_candidate_replay.csv,
02_evidence_raw/remote_stm32/validation/f746_deep_impl_candidate_replay.csv,44,f746,vww,vww_depthwise_tail_fixedshape_checked,fixed_shape_codegen;public_comparison,8.291,0.012,,,quick_drop_gain_lt_0p2,failure_or_drop,02_evidence_raw/remote_stm32/validation/f746_deep_impl_candidate_replay.csv,
02_evidence_raw/remote_stm32/validation/f746_deep_impl_candidate_replay.csv,45,f746,vww,vww_depthwise_tail_fixedshape_unchecked,fixed_shape_codegen;public_comparison,8.271,-0.229,,,quick_drop_gain_lt_0p2,failure_or_drop,02_evidence_raw/remote_stm32/validation/f746_deep_impl_candidate_replay.csv,
02_evidence_raw/remote_stm32/validation/f746_deep_impl_candidate_replay.csv,46,f746,ic,ic_convblock2_fixedshape_checked,fixed_shape_codegen;public_comparison,5.292,-22.846,,,quick_drop_gain_lt_0p2,failure_or_drop,02_evidence_raw/remote_stm32/validation/f746_deep_impl_candidate_replay.csv,
02_evidence_raw/remote_stm32/validation/f746_deep_impl_candidate_replay.csv,47,f746,ic,ic_convblock2_fixedshape_unchecked,fixed_shape_codegen;public_comparison,5.296,-22.788,,,quick_drop_gain_lt_0p2,failure_or_drop,02_evidence_raw/remote_stm32/validation/f746_deep_impl_candidate_replay.csv,
02_evidence_raw/remote_stm32/validation/f746_deep_impl_candidate_replay.csv,48,f746,vww,vww_best_retained_plus_static_schedule_checked,static_schedule;public_comparison,8.223,-0.808,,,quick_drop_gain_lt_0p2,failure_or_drop,02_evidence_raw/remote_stm32/validation/f746_deep_impl_candidate_replay.csv,
02_evidence_raw/remote_stm32/validation/f746_deep_impl_candidate_replay.csv,49,f746,vww,vww_best_retained_plus_static_schedule_unchecked,static_schedule;public_comparison,8.250,-0.483,,,quick_drop_gain_lt_0p2,failure_or_drop,02_evidence_raw/remote_stm32/validation/f746_deep_impl_candidate_replay.csv,
02_evidence_raw/remote_stm32/validation/f746_deep_impl_candidate_replay.csv,50,f746,vww,vww_early_dw_pw_coupled_checked,residual_coupled;public_comparison,8.279,-0.133,,,quick_drop_gain_lt_0p2,failure_or_drop,02_evidence_raw/remote_stm32/validation/f746_deep_impl_candidate_replay.csv,
02_evidence_raw/remote_stm32/validation/f746_deep_impl_candidate_replay.csv,51,f746,vww,vww_early_dw_pw_coupled_unchecked,residual_coupled;public_comparison,8.228,-0.748,,,quick_drop_gain_lt_0p2,failure_or_drop,02_evidence_raw/remote_stm32/validation/f746_deep_impl_candidate_replay.csv,
02_evidence_raw/remote_stm32/validation/f746_deep_impl_candidate_replay.csv,59,f746,vww,vww_early_dw_pw_stream_unchecked,early_stream_fusion;public_comparison,8.306,0.193,,,quick_drop_gain_lt_0p2,failure_or_drop,02_evidence_raw/remote_stm32/validation/f746_deep_impl_candidate_replay.csv,
02_evidence_raw/remote_stm32/validation/f746_deep_impl_candidate_replay.csv,60,f746,vww,vww_early_b_stride2_dw_pw_stream_checked,early_stream_fusion;public_comparison,8.129,-1.942,,,quick_drop_gain_lt_0p2,failure_or_drop,02_evidence_raw/remote_stm32/validation/f746_deep_impl_candidate_replay.csv,
02_evidence_raw/remote_stm32/validation/f746_deep_impl_candidate_replay.csv,61,f746,vww,vww_early_b_stride2_dw_pw_stream_unchecked,early_stream_fusion;public_comparison,8.103,-2.256,,,quick_drop_gain_lt_0p2,failure_or_drop,02_evidence_raw/remote_stm32/validation/f746_deep_impl_candidate_replay.csv,
02_evidence_raw/remote_stm32/validation/f746_deep_impl_candidate_replay.csv,62,f746,ic,ic_conv_residual_coupled_checked,residual_coupled;public_comparison,6.845,-0.204,,,quick_drop_gain_lt_0p2,failure_or_drop,02_evidence_raw/remote_stm32/validation/f746_deep_impl_candidate_replay.csv,
02_evidence_raw/remote_stm32/validation/f746_deep_impl_candidate_replay.csv,64,f746,ic,ic_conv_residual_coupled_unchecked,residual_coupled;public_comparison,,,22.0,,drop_accuracy_gate,failure_or_drop,02_evidence_raw/remote_stm32/validation/f746_deep_impl_candidate_replay.csv,
02_evidence_raw/remote_stm32/validation/f746_deep_impl_candidate_replay.csv,65,f746,ic,ic_conv_residual_coupled_block112_checked,residual_coupled;public_comparison,parse_failed,parse_failed,,,flash_or_smoke_failed,failure_or_drop,02_evidence_raw/remote_stm32/validation/f746_deep_impl_candidate_replay.csv,
02_evidence_raw/remote_stm32/validation/f746_deep_impl_candidate_replay.csv,67,f746,ic,ic_conv_residual_coupled_block112_unchecked,residual_coupled;public_comparison,,,parse_failed,,drop_accuracy_gate,failure_or_drop,02_evidence_raw/remote_stm32/validation/f746_deep_impl_candidate_replay.csv,
02_evidence_raw/remote_stm32/validation/f746_deep_impl_candidate_replay.csv,68,f746,vww,vww_early_dw_pw_stream_arena_reuse_checked,early_stream_fusion;arena_reuse;public_comparison,parse_failed,parse_failed,,,flash_or_smoke_failed,failure_or_drop,02_evidence_raw/remote_stm32/validation/f746_deep_impl_candidate_replay.csv,
02_evidence_raw/remote_stm32/validation/f746_deep_impl_candidate_replay.csv,69,f746,vww,vww_early_dw_pw_stream_arena_reuse_unchecked,early_stream_fusion;arena_reuse;public_comparison,parse_failed,parse_failed,,,flash_or_smoke_failed,failure_or_drop,02_evidence_raw/remote_stm32/validation/f746_deep_impl_candidate_replay.csv,
02_evidence_raw/remote_stm32/validation/f746_deep_squeeze_replay_matrix.csv,1,f746,ic,ic_residual_add_fastpath,other,6.843,-0.233,not_run_until_perf_competitive,,drop_slower_than_retained_baseline,failure_or_drop,02_evidence_raw/remote_stm32/validation/f746_deep_squeeze_replay_matrix.csv,
02_evidence_raw/remote_stm32/validation/reproducibility_matrix.csv,10,g0,kws,cmsis_nn_latency_rescue_128k,cmsis_nn_ofast;g0_sram_rescue,,,,,formal_window1_completed_noncompetitive,failure_or_drop,02_evidence_raw/remote_stm32/validation/reproducibility_matrix.csv,
02_evidence_raw/remote_stm32/reports/manual_progress_20260519.md,1,f746,ic,ic_conv_residual_coupled_block112_checked,residual_coupled,"6.846 inf/sec, unstable third window",,,,drop,failure_or_drop,02_evidence_raw/remote_stm32/reports/manual_progress_20260519.md,manual block112 checked failed quick/stability gate
02_evidence_raw/remote_stm32/reports/manual_progress_20260519.md,2,f746,ic,ic_conv_residual_coupled_block112_unchecked,residual_coupled,no name response,,,,drop,failure_or_drop,02_evidence_raw/remote_stm32/reports/manual_progress_20260519.md,manual block112 unchecked smoke failure
02_evidence_raw/remote_stm32/reports/manual_progress_20260519.md,3,f746,vww,vww_best_retained_plus_static_schedule_checked,static_schedule,8.223 inf/sec,,,,drop,failure_or_drop,02_evidence_raw/remote_stm32/reports/manual_progress_20260519.md,old hotspot2 static schedule below 8.386 retained
02_evidence_raw/remote_stm32/reports/manual_progress_20260519.md,4,f746,vww,vww_best_retained_plus_static_schedule_unchecked,static_schedule,8.250 inf/sec,,,,drop,failure_or_drop,02_evidence_raw/remote_stm32/reports/manual_progress_20260519.md,old hotspot2 static schedule below 8.386 retained
02_evidence_raw/remote_stm32/reports/manual_progress_20260519.md,5,f746,vww,vww_early_dw_pw_coupled_checked,early_stream_fusion,8.279 inf/sec,,,,drop,failure_or_drop,02_evidence_raw/remote_stm32/reports/manual_progress_20260519.md,full-block coupling slower than row-stream retained
02_evidence_raw/remote_stm32/reports/manual_progress_20260519.md,6,f746,vww,vww_early_dw_pw_coupled_unchecked,early_stream_fusion,8.227 inf/sec,,,,drop,failure_or_drop,02_evidence_raw/remote_stm32/reports/manual_progress_20260519.md,full-block coupling slower than row-stream retained
02_evidence_raw/remote_stm32/reports/manual_progress_20260519.md,7,f746,vww,vww_early_dw_pw_stream_arena_reuse_checked,arena_reuse,lost response during first DB load,,,,drop,failure_or_drop,02_evidence_raw/remote_stm32/reports/manual_progress_20260519.md,direct tensor59 arena alias unsafe
02_evidence_raw/remote_stm32/reports/manual_progress_20260519.md,8,f746,vww,vww_early_dw_pw_stream_arena_reuse_unchecked,arena_reuse,no name response after flash,,,,drop,failure_or_drop,02_evidence_raw/remote_stm32/reports/manual_progress_20260519.md,direct tensor59 arena alias unsafe
02_evidence_raw/remote_stm32/reports/manual_progress_20260519.md,9,f746,ic,ic_static_schedule_checked,static_schedule,6.848 inf/sec,,,,drop,failure_or_drop,02_evidence_raw/remote_stm32/reports/manual_progress_20260519.md,wrapper-preserving static schedule no gain
02_evidence_raw/remote_stm32/reports/manual_progress_20260519.md,10,f746,ic,ic_static_schedule_unchecked,static_schedule,6.858 inf/sec,,,,drop,failure_or_drop,02_evidence_raw/remote_stm32/reports/manual_progress_20260519.md,wrapper-preserving static schedule no gain
