source_file,source_row,board,model,candidate,method_family,throughput_or_metric,gain_or_delta,accuracy,replay,decision,outcome_class,evidence_path
02_evidence_raw/local_pi5/pi5_phase_vk_reports_20260404/gpu_layer_compare_matrix.csv,1,unknown,yolo11n,baseline,other,81.61792,,,,unspecified,success_or_retained,02_evidence_raw/local_pi5/pi5_phase_vk_reports_20260404/gpu_layer_compare_matrix.csv
02_evidence_raw/local_pi5/pi5_phase_vk_reports_20260404/gpu_layer_compare_matrix.csv,4,unknown,yolo11s,baseline,other,154.490601,,,,unspecified,success_or_retained,02_evidence_raw/local_pi5/pi5_phase_vk_reports_20260404/gpu_layer_compare_matrix.csv
02_evidence_raw/remote_stm32/custom_kernel/f746_custom_kernel_matrix.csv,1,f746,unknown,f746_custom_kernel_matrix_next_executable_candidate,operator_autotune,,,,,pending_candidate_build,success_or_retained,02_evidence_raw/remote_stm32/custom_kernel/f746_custom_kernel_matrix.csv
02_evidence_raw/remote_stm32/operator_autotune/operator_registry.csv,5,unknown,vww,vww,fixed_shape_codegen;cmsis_nn_ofast;operator_autotune,,,,,unspecified,success_or_retained,02_evidence_raw/remote_stm32/operator_autotune/operator_registry.csv
02_evidence_raw/remote_stm32/operator_autotune/operator_registry.csv,9,unknown,kws,kws,fixed_shape_codegen;cmsis_nn_ofast;operator_autotune,,,,,unspecified,success_or_retained,02_evidence_raw/remote_stm32/operator_autotune/operator_registry.csv
02_evidence_raw/remote_stm32/operator_autotune/operator_registry.csv,12,unknown,ad,ad,static_schedule;cmsis_nn_ofast;operator_autotune,,,,,unspecified,success_or_retained,02_evidence_raw/remote_stm32/operator_autotune/operator_registry.csv
02_evidence_raw/remote_stm32/optimization/compiler_flag_matrix.csv,1,f746,ad,ad,g0_sram_rescue,,,pass_top1_78.1_auc_0.862,,retained_baseline,success_or_retained,02_evidence_raw/remote_stm32/optimization/compiler_flag_matrix.csv
02_evidence_raw/remote_stm32/optimization/compiler_flag_matrix.csv,3,f746,ad,ad,cmsis_nn_ofast,,,pass_top1_78.1_auc_0.862,,retained_new_latency_best,success_or_retained,02_evidence_raw/remote_stm32/optimization/compiler_flag_matrix.csv
02_evidence_raw/remote_stm32/optimization/compiler_flag_matrix.csv,4,f746,ic,ic,cmsis_nn_ofast,,,pass_top1_87.5_auc_0.988,,retained_new_latency_best,success_or_retained,02_evidence_raw/remote_stm32/optimization/compiler_flag_matrix.csv
02_evidence_raw/remote_stm32/optimization/compiler_flag_matrix.csv,5,f746,kws,kws,cmsis_nn_ofast,,,pass_top1_90.1_auc_0.995,,retained_new_latency_best,success_or_retained,02_evidence_raw/remote_stm32/optimization/compiler_flag_matrix.csv
02_evidence_raw/remote_stm32/optimization/compiler_flag_matrix.csv,6,f746,vww,vww,cmsis_nn_ofast,,,pass_top1_85.8_auc_0.937,,retained_new_latency_best,success_or_retained,02_evidence_raw/remote_stm32/optimization/compiler_flag_matrix.csv
02_evidence_raw/remote_stm32/optimization/f746_ad_custom_impl_matrix.csv,1,f746,ad,ad_static_schedule_direct_cmsis_s8,static_schedule,379.890,0.956,pending,,aggressive_candidate_pending_accuracy_5x_replay,success_or_retained,02_evidence_raw/remote_stm32/optimization/f746_ad_custom_impl_matrix.csv
02_evidence_raw/remote_stm32/optimization/f746_ad_custom_impl_matrix.csv,2,f746,ad,ad_static_schedule_direct_cmsis_s8_unchecked,static_schedule,not_run,not_run,not_run,,build_only_runnable_artifact_created,success_or_retained,02_evidence_raw/remote_stm32/optimization/f746_ad_custom_impl_matrix.csv
02_evidence_raw/remote_stm32/optimization/f746_ad_post_validation_squeeze_matrix.csv,1,f746,ad,ad_static_schedule_unchecked,static_schedule,,,,5x_replay+paired_accuracy,conservative_retained_deep_impl,success_or_retained,02_evidence_raw/remote_stm32/optimization/f746_ad_post_validation_squeeze_matrix.csv
02_evidence_raw/remote_stm32/optimization/f746_ad_safe_squeeze_matrix.csv,1,f746,ad,current_o3_squeeze,other,,0.000,,,keep,success_or_retained,02_evidence_raw/remote_stm32/optimization/f746_ad_safe_squeeze_matrix.csv
02_evidence_raw/remote_stm32/optimization/f746_compile_squeeze_matrix.csv,2,f746,kws,kws,cmsis_nn_ofast,,,Top1 90.1 / AUC 0.995,,current_retained_reference,success_or_retained,02_evidence_raw/remote_stm32/optimization/f746_compile_squeeze_matrix.csv
02_evidence_raw/remote_stm32/optimization/f746_compile_squeeze_matrix.csv,9,f746,kws,kws,other,,,Top1 90.1 / AUC 0.995,,current_retained_reference,success_or_retained,02_evidence_raw/remote_stm32/optimization/f746_compile_squeeze_matrix.csv
02_evidence_raw/remote_stm32/optimization/f746_compile_squeeze_matrix.csv,11,f746,vww,vww,cmsis_nn_ofast,,,Top1 85.8 / AUC 0.937,,current_retained_reference,success_or_retained,02_evidence_raw/remote_stm32/optimization/f746_compile_squeeze_matrix.csv
02_evidence_raw/remote_stm32/optimization/f746_compile_squeeze_matrix.csv,18,f746,vww,vww,other,,,Top1 85.8 / AUC 0.937,,current_retained_reference,success_or_retained,02_evidence_raw/remote_stm32/optimization/f746_compile_squeeze_matrix.csv
02_evidence_raw/remote_stm32/optimization/f746_compile_squeeze_matrix.csv,20,f746,ic,ic,cmsis_nn_ofast,,,Top1 87.5 / AUC 0.988,,current_retained_reference,success_or_retained,02_evidence_raw/remote_stm32/optimization/f746_compile_squeeze_matrix.csv
02_evidence_raw/remote_stm32/optimization/f746_compile_squeeze_matrix.csv,27,f746,ic,ic,other,,,Top1 87.5 / AUC 0.988,,current_retained_reference,success_or_retained,02_evidence_raw/remote_stm32/optimization/f746_compile_squeeze_matrix.csv
02_evidence_raw/remote_stm32/optimization/f746_compile_squeeze_matrix.csv,28,f746,ad,ad,cmsis_nn_ofast,,,pass_top1_78.1_auc_0.862,,retained_new_latency_best_after_3x_replay,success_or_retained,02_evidence_raw/remote_stm32/optimization/f746_compile_squeeze_matrix.csv
02_evidence_raw/remote_stm32/optimization/f746_compile_squeeze_matrix.csv,29,f746,ad,ad,cmsis_nn_ofast,,,Top1 78.1 / AUC 0.862,,current_retained_reference,success_or_retained,02_evidence_raw/remote_stm32/optimization/f746_compile_squeeze_matrix.csv
02_evidence_raw/remote_stm32/optimization/f746_compile_squeeze_matrix.csv,36,f746,ad,ad,other,,,Top1 78.1 / AUC 0.862,,current_retained_reference,success_or_retained,02_evidence_raw/remote_stm32/optimization/f746_compile_squeeze_matrix.csv
02_evidence_raw/remote_stm32/optimization/f746_fallback_elimination_matrix.csv,6,f746,unknown,f746_fallback_elimination_matrix_next_executable_candidate,operator_autotune,,,,,pending_candidate_build,success_or_retained,02_evidence_raw/remote_stm32/optimization/f746_fallback_elimination_matrix.csv
02_evidence_raw/remote_stm32/optimization/f746_ic_residual_activation_matrix.csv,1,f746,ic,current_cmsis_nn_add,cmsis_nn_ofast,,,,,retained_baseline,success_or_retained,02_evidence_raw/remote_stm32/optimization/f746_ic_residual_activation_matrix.csv
02_evidence_raw/remote_stm32/optimization/f746_ic_residual_block_matrix.csv,2,f746,ic,ic_residual_add_fixedshape_checked,fixed_shape_codegen;residual_coupled,pending_board,,,,build_pass_pending_flash_smoke_perf,success_or_retained,02_evidence_raw/remote_stm32/optimization/f746_ic_residual_block_matrix.csv
02_evidence_raw/remote_stm32/optimization/f746_ic_residual_block_matrix.csv,3,f746,ic,ic_residual_add_fixedshape_unchecked,fixed_shape_codegen;residual_coupled,pending_board,,,,build_pass_pending_flash_smoke_perf,success_or_retained,02_evidence_raw/remote_stm32/optimization/f746_ic_residual_block_matrix.csv
02_evidence_raw/remote_stm32/optimization/f746_ic_residual_block_matrix.csv,4,f746,ic,ic_convblock1_fixedshape_checked,fixed_shape_codegen;cmsis_nn_ofast,pending_board,,,,build_pass_pending_flash_smoke_perf,success_or_retained,02_evidence_raw/remote_stm32/optimization/f746_ic_residual_block_matrix.csv
02_evidence_raw/remote_stm32/optimization/f746_ic_residual_block_matrix.csv,5,f746,ic,ic_convblock1_fixedshape_unchecked,fixed_shape_codegen;cmsis_nn_ofast,pending_board,,,,build_pass_pending_flash_smoke_perf,success_or_retained,02_evidence_raw/remote_stm32/optimization/f746_ic_residual_block_matrix.csv
02_evidence_raw/remote_stm32/optimization/f746_ic_residual_block_matrix.csv,6,f746,ic,ic_conv_residual_coupled_checked,residual_coupled,pending_board,,,,build_pass_pending_flash_smoke_perf,success_or_retained,02_evidence_raw/remote_stm32/optimization/f746_ic_residual_block_matrix.csv
02_evidence_raw/remote_stm32/optimization/f746_ic_residual_block_matrix.csv,7,f746,ic,ic_conv_residual_coupled_unchecked,residual_coupled,pending_board,,,,build_pass_pending_flash_smoke_perf,success_or_retained,02_evidence_raw/remote_stm32/optimization/f746_ic_residual_block_matrix.csv
02_evidence_raw/remote_stm32/optimization/f746_ic_residual_block_matrix.csv,8,f746,ic,ic_conv_residual_coupled_block112_checked,residual_coupled,pending_board,,,,build_pass_pending_flash_smoke_perf,success_or_retained,02_evidence_raw/remote_stm32/optimization/f746_ic_residual_block_matrix.csv
02_evidence_raw/remote_stm32/optimization/f746_ic_residual_block_matrix.csv,9,f746,ic,ic_conv_residual_coupled_block112_unchecked,residual_coupled,pending_board,,,,build_pass_pending_flash_smoke_perf,success_or_retained,02_evidence_raw/remote_stm32/optimization/f746_ic_residual_block_matrix.csv
02_evidence_raw/remote_stm32/optimization/f746_kws_frontend_squeeze_matrix.csv,1,f746,kws,current_host_feature_input,other,,,paired_pass,,retained_baseline,success_or_retained,02_evidence_raw/remote_stm32/optimization/f746_kws_frontend_squeeze_matrix.csv
02_evidence_raw/remote_stm32/optimization/f746_kws_speed_catchup_matrix.csv,9,f746,kws,kws_stem_conv_fixedshape_checked,fixed_shape_codegen;public_comparison,26.829,0.662,top1_90.1_pass,5/5,aggressive_candidate_speed_catchup_checked,success_or_retained,02_evidence_raw/remote_stm32/optimization/f746_kws_speed_catchup_matrix.csv
02_evidence_raw/remote_stm32/optimization/f746_kws_speed_catchup_matrix.csv,10,f746,kws,kws_stem_conv_fixedshape_unchecked,fixed_shape_codegen,26.891,0.897,top1_90.1_pass,5x_replay_pass,aggressive_candidate_speed_catchup,success_or_retained,02_evidence_raw/remote_stm32/optimization/f746_kws_speed_catchup_matrix.csv
02_evidence_raw/remote_stm32/optimization/f746_memory_tiering_matrix.csv,5,f746,all,all,other,,,,,not_retained,success_or_retained,02_evidence_raw/remote_stm32/optimization/f746_memory_tiering_matrix.csv
02_evidence_raw/remote_stm32/optimization/f746_memory_tiering_matrix.csv,6,f746,all,all,other,,,,,not_retained,success_or_retained,02_evidence_raw/remote_stm32/optimization/f746_memory_tiering_matrix.csv
02_evidence_raw/remote_stm32/optimization/f746_monitor_overhead_matrix.csv,1,f746,kws,current_harness,other,26.651,,,,retained_or_defended,success_or_retained,02_evidence_raw/remote_stm32/optimization/f746_monitor_overhead_matrix.csv
02_evidence_raw/remote_stm32/optimization/f746_monitor_overhead_matrix.csv,3,f746,vww,current_harness,other,8.127,,,,retained_or_defended,success_or_retained,02_evidence_raw/remote_stm32/optimization/f746_monitor_overhead_matrix.csv
02_evidence_raw/remote_stm32/optimization/f746_monitor_overhead_matrix.csv,5,f746,ic,current_harness,other,6.859,,,,retained_or_defended,success_or_retained,02_evidence_raw/remote_stm32/optimization/f746_monitor_overhead_matrix.csv
02_evidence_raw/remote_stm32/optimization/f746_monitor_overhead_matrix.csv,7,f746,ad,current_harness,other,376.294,,,,retained_or_defended,success_or_retained,02_evidence_raw/remote_stm32/optimization/f746_monitor_overhead_matrix.csv
02_evidence_raw/remote_stm32/optimization/f746_runtime_overhead_matrix.csv,1,f746,kws,current_harness,other,26.651,,,,retained_or_defended,success_or_retained,02_evidence_raw/remote_stm32/optimization/f746_runtime_overhead_matrix.csv
02_evidence_raw/remote_stm32/optimization/f746_runtime_overhead_matrix.csv,4,f746,vww,current_harness,other,8.127,,,,retained_or_defended,success_or_retained,02_evidence_raw/remote_stm32/optimization/f746_runtime_overhead_matrix.csv
02_evidence_raw/remote_stm32/optimization/f746_runtime_overhead_matrix.csv,7,f746,ic,current_harness,other,6.859,,,,retained_or_defended,success_or_retained,02_evidence_raw/remote_stm32/optimization/f746_runtime_overhead_matrix.csv
02_evidence_raw/remote_stm32/optimization/f746_runtime_overhead_matrix.csv,10,f746,ad,current_harness,other,376.294,,,,retained_or_defended,success_or_retained,02_evidence_raw/remote_stm32/optimization/f746_runtime_overhead_matrix.csv
02_evidence_raw/remote_stm32/optimization/f746_vww_arena_scratch_matrix.csv,1,f746,vww,current_200kb_arena,arena_reuse;g0_sram_rescue,,,,,retained_baseline,success_or_retained,02_evidence_raw/remote_stm32/optimization/f746_vww_arena_scratch_matrix.csv
02_evidence_raw/remote_stm32/optimization/g0_kws_sram_offender_table.csv,12,g0,kws,rescue_128k,g0_sram_rescue,,,,,unspecified,success_or_retained,02_evidence_raw/remote_stm32/optimization/g0_kws_sram_offender_table.csv
02_evidence_raw/remote_stm32/optimization/kws_mlperf_score_path_matrix.csv,3,unknown,kws,kws_stem_conv_fixedshape_unchecked,fixed_shape_codegen;public_comparison,,,,,not conservative retained because gain <1.0,success_or_retained,02_evidence_raw/remote_stm32/optimization/kws_mlperf_score_path_matrix.csv
02_evidence_raw/remote_stm32/optimization/static_resource_rank.csv,1,f746,ad,ofast_gc,cmsis_nn_ofast,,,,,pass,success_or_retained,02_evidence_raw/remote_stm32/optimization/static_resource_rank.csv
02_evidence_raw/remote_stm32/optimization/static_resource_rank.csv,2,f746,ad,ofast_no_common,cmsis_nn_ofast,,,,,pass,success_or_retained,02_evidence_raw/remote_stm32/optimization/static_resource_rank.csv
02_evidence_raw/remote_stm32/optimization/static_resource_rank.csv,3,f746,ad,Ofast+gc-sections,cmsis_nn_ofast,,,,,pass,success_or_retained,02_evidence_raw/remote_stm32/optimization/static_resource_rank.csv
02_evidence_raw/remote_stm32/optimization/static_resource_rank.csv,4,f746,ad,Ofast+no-common,cmsis_nn_ofast,,,,,pass,success_or_retained,02_evidence_raw/remote_stm32/optimization/static_resource_rank.csv
02_evidence_raw/remote_stm32/optimization/static_resource_rank.csv,5,f746,ad,O3,other,,,,,pass,success_or_retained,02_evidence_raw/remote_stm32/optimization/static_resource_rank.csv
02_evidence_raw/remote_stm32/optimization/static_resource_rank.csv,6,f746,ad,Ofast,cmsis_nn_ofast,,,,,pass,success_or_retained,02_evidence_raw/remote_stm32/optimization/static_resource_rank.csv
02_evidence_raw/remote_stm32/optimization/static_resource_rank.csv,7,f746,ad,current_best_known,other,,,,,pass,success_or_retained,02_evidence_raw/remote_stm32/optimization/static_resource_rank.csv
02_evidence_raw/remote_stm32/optimization/static_resource_rank.csv,9,f746,ic,ofast_gc,cmsis_nn_ofast,,,,,pass,success_or_retained,02_evidence_raw/remote_stm32/optimization/static_resource_rank.csv
02_evidence_raw/remote_stm32/optimization/static_resource_rank.csv,10,f746,ic,ofast_no_common,cmsis_nn_ofast,,,,,pass,success_or_retained,02_evidence_raw/remote_stm32/optimization/static_resource_rank.csv
02_evidence_raw/remote_stm32/optimization/static_resource_rank.csv,11,f746,ic,Ofast+gc-sections,cmsis_nn_ofast,,,,,pass,success_or_retained,02_evidence_raw/remote_stm32/optimization/static_resource_rank.csv
02_evidence_raw/remote_stm32/optimization/static_resource_rank.csv,12,f746,ic,Ofast+no-common,cmsis_nn_ofast,,,,,pass,success_or_retained,02_evidence_raw/remote_stm32/optimization/static_resource_rank.csv
02_evidence_raw/remote_stm32/optimization/static_resource_rank.csv,13,f746,ic,O3,other,,,,,pass,success_or_retained,02_evidence_raw/remote_stm32/optimization/static_resource_rank.csv
02_evidence_raw/remote_stm32/optimization/static_resource_rank.csv,14,f746,ic,Ofast,cmsis_nn_ofast,,,,,pass,success_or_retained,02_evidence_raw/remote_stm32/optimization/static_resource_rank.csv
02_evidence_raw/remote_stm32/optimization/static_resource_rank.csv,15,f746,ic,current_best_known,other,,,,,pass,success_or_retained,02_evidence_raw/remote_stm32/optimization/static_resource_rank.csv
02_evidence_raw/remote_stm32/optimization/static_resource_rank.csv,17,f746,kws,ofast_gc,cmsis_nn_ofast,,,,,pass,success_or_retained,02_evidence_raw/remote_stm32/optimization/static_resource_rank.csv
02_evidence_raw/remote_stm32/optimization/static_resource_rank.csv,18,f746,kws,ofast_no_common,cmsis_nn_ofast,,,,,pass,success_or_retained,02_evidence_raw/remote_stm32/optimization/static_resource_rank.csv
02_evidence_raw/remote_stm32/optimization/static_resource_rank.csv,19,f746,kws,Ofast+gc-sections,cmsis_nn_ofast,,,,,pass,success_or_retained,02_evidence_raw/remote_stm32/optimization/static_resource_rank.csv
02_evidence_raw/remote_stm32/optimization/static_resource_rank.csv,20,f746,kws,Ofast+no-common,cmsis_nn_ofast,,,,,pass,success_or_retained,02_evidence_raw/remote_stm32/optimization/static_resource_rank.csv
02_evidence_raw/remote_stm32/optimization/static_resource_rank.csv,21,f746,kws,O3,other,,,,,pass,success_or_retained,02_evidence_raw/remote_stm32/optimization/static_resource_rank.csv
02_evidence_raw/remote_stm32/optimization/static_resource_rank.csv,22,f746,kws,Ofast,cmsis_nn_ofast,,,,,pass,success_or_retained,02_evidence_raw/remote_stm32/optimization/static_resource_rank.csv
02_evidence_raw/remote_stm32/optimization/static_resource_rank.csv,23,f746,kws,current_best_known,other,,,,,pass,success_or_retained,02_evidence_raw/remote_stm32/optimization/static_resource_rank.csv
02_evidence_raw/remote_stm32/optimization/static_resource_rank.csv,25,f746,vww,ofast_gc,cmsis_nn_ofast,,,,,pass,success_or_retained,02_evidence_raw/remote_stm32/optimization/static_resource_rank.csv
02_evidence_raw/remote_stm32/optimization/static_resource_rank.csv,26,f746,vww,ofast_no_common,cmsis_nn_ofast,,,,,pass,success_or_retained,02_evidence_raw/remote_stm32/optimization/static_resource_rank.csv
02_evidence_raw/remote_stm32/optimization/static_resource_rank.csv,27,f746,vww,Ofast+gc-sections,cmsis_nn_ofast,,,,,pass,success_or_retained,02_evidence_raw/remote_stm32/optimization/static_resource_rank.csv
02_evidence_raw/remote_stm32/optimization/static_resource_rank.csv,28,f746,vww,Ofast+no-common,cmsis_nn_ofast,,,,,pass,success_or_retained,02_evidence_raw/remote_stm32/optimization/static_resource_rank.csv
02_evidence_raw/remote_stm32/optimization/static_resource_rank.csv,29,f746,vww,O3,other,,,,,pass,success_or_retained,02_evidence_raw/remote_stm32/optimization/static_resource_rank.csv
02_evidence_raw/remote_stm32/optimization/static_resource_rank.csv,30,f746,vww,Ofast,cmsis_nn_ofast,,,,,pass,success_or_retained,02_evidence_raw/remote_stm32/optimization/static_resource_rank.csv
02_evidence_raw/remote_stm32/optimization/static_resource_rank.csv,31,f746,vww,current_best_known,other,,,,,pass,success_or_retained,02_evidence_raw/remote_stm32/optimization/static_resource_rank.csv
02_evidence_raw/remote_stm32/profiling/f746_cycle_profile_matrix.csv,1,f746,kws,kws,cmsis_nn_ofast;public_comparison,,,,,profile_only_not_retained_firmware,success_or_retained,02_evidence_raw/remote_stm32/profiling/f746_cycle_profile_matrix.csv
02_evidence_raw/remote_stm32/profiling/f746_cycle_profile_matrix.csv,2,f746,vww,vww,cmsis_nn_ofast;public_comparison,,,,,profile_only_not_retained_firmware,success_or_retained,02_evidence_raw/remote_stm32/profiling/f746_cycle_profile_matrix.csv
02_evidence_raw/remote_stm32/profiling/f746_cycle_profile_matrix.csv,3,f746,ic,ic,cmsis_nn_ofast;public_comparison,,,,,profile_only_not_retained_firmware,success_or_retained,02_evidence_raw/remote_stm32/profiling/f746_cycle_profile_matrix.csv
02_evidence_raw/remote_stm32/profiling/f746_cycle_profile_matrix.csv,4,f746,ad,ad,public_comparison,,,,,profile_only_not_retained_firmware,success_or_retained,02_evidence_raw/remote_stm32/profiling/f746_cycle_profile_matrix.csv
02_evidence_raw/remote_stm32/profiling/f746_kernel_coverage_matrix.csv,1,f746,kws,kws,cmsis_nn_ofast,,,,,unspecified,success_or_retained,02_evidence_raw/remote_stm32/profiling/f746_kernel_coverage_matrix.csv
02_evidence_raw/remote_stm32/profiling/f746_kernel_coverage_matrix.csv,2,f746,vww,vww,cmsis_nn_ofast,,,,,unspecified,success_or_retained,02_evidence_raw/remote_stm32/profiling/f746_kernel_coverage_matrix.csv
02_evidence_raw/remote_stm32/profiling/f746_kernel_coverage_matrix.csv,3,f746,ic,ic,cmsis_nn_ofast,,,,,unspecified,success_or_retained,02_evidence_raw/remote_stm32/profiling/f746_kernel_coverage_matrix.csv
02_evidence_raw/remote_stm32/profiling/f746_kernel_coverage_matrix.csv,4,f746,ad,ad,cmsis_nn_ofast,,,,,unspecified,success_or_retained,02_evidence_raw/remote_stm32/profiling/f746_kernel_coverage_matrix.csv
02_evidence_raw/remote_stm32/profiling/f746_kernel_path_preservation_matrix.csv,3,f746,vww,vww,fixed_shape_codegen,,,,,unspecified,success_or_retained,02_evidence_raw/remote_stm32/profiling/f746_kernel_path_preservation_matrix.csv
02_evidence_raw/remote_stm32/profiling/f746_kernel_path_preservation_matrix.csv,6,f746,kws,kws,fixed_shape_codegen,,,,,unspecified,success_or_retained,02_evidence_raw/remote_stm32/profiling/f746_kernel_path_preservation_matrix.csv
02_evidence_raw/remote_stm32/profiling/f746_kws_cmsis_coverage_recheck.csv,1,f746,kws,f746_kws_cmsis_coverage_recheck,fixed_shape_codegen;cmsis_nn_ofast,,,,,unspecified,success_or_retained,02_evidence_raw/remote_stm32/profiling/f746_kws_cmsis_coverage_recheck.csv
02_evidence_raw/remote_stm32/profiling/f746_kws_cmsis_coverage_recheck.csv,2,f746,kws,f746_kws_cmsis_coverage_recheck,fixed_shape_codegen;cmsis_nn_ofast,,,,,unspecified,success_or_retained,02_evidence_raw/remote_stm32/profiling/f746_kws_cmsis_coverage_recheck.csv
02_evidence_raw/remote_stm32/profiling/f746_kws_cmsis_coverage_recheck.csv,3,f746,kws,f746_kws_cmsis_coverage_recheck,fixed_shape_codegen;cmsis_nn_ofast,,,,,unspecified,success_or_retained,02_evidence_raw/remote_stm32/profiling/f746_kws_cmsis_coverage_recheck.csv
02_evidence_raw/remote_stm32/profiling/f746_kws_cmsis_coverage_recheck.csv,4,f746,kws,f746_kws_cmsis_coverage_recheck,fixed_shape_codegen;cmsis_nn_ofast,,,,,unspecified,success_or_retained,02_evidence_raw/remote_stm32/profiling/f746_kws_cmsis_coverage_recheck.csv
02_evidence_raw/remote_stm32/profiling/f746_kws_cmsis_coverage_recheck.csv,5,f746,kws,f746_kws_cmsis_coverage_recheck,fixed_shape_codegen;cmsis_nn_ofast,,,,,unspecified,success_or_retained,02_evidence_raw/remote_stm32/profiling/f746_kws_cmsis_coverage_recheck.csv
02_evidence_raw/remote_stm32/profiling/f746_kws_cmsis_coverage_recheck.csv,6,f746,kws,f746_kws_cmsis_coverage_recheck,fixed_shape_codegen;cmsis_nn_ofast,,,,,unspecified,success_or_retained,02_evidence_raw/remote_stm32/profiling/f746_kws_cmsis_coverage_recheck.csv
02_evidence_raw/remote_stm32/profiling/f746_kws_cmsis_coverage_recheck.csv,7,f746,kws,f746_kws_cmsis_coverage_recheck,fixed_shape_codegen;cmsis_nn_ofast,,,,,unspecified,success_or_retained,02_evidence_raw/remote_stm32/profiling/f746_kws_cmsis_coverage_recheck.csv
02_evidence_raw/remote_stm32/profiling/f746_kws_cmsis_coverage_recheck.csv,8,f746,kws,f746_kws_cmsis_coverage_recheck,fixed_shape_codegen;cmsis_nn_ofast,,,,,unspecified,success_or_retained,02_evidence_raw/remote_stm32/profiling/f746_kws_cmsis_coverage_recheck.csv
02_evidence_raw/remote_stm32/profiling/f746_kws_cmsis_coverage_recheck.csv,9,f746,kws,f746_kws_cmsis_coverage_recheck,fixed_shape_codegen;cmsis_nn_ofast,,,,,unspecified,success_or_retained,02_evidence_raw/remote_stm32/profiling/f746_kws_cmsis_coverage_recheck.csv
02_evidence_raw/remote_stm32/profiling/f746_kws_cmsis_coverage_recheck.csv,10,f746,kws,f746_kws_cmsis_coverage_recheck,fixed_shape_codegen;cmsis_nn_ofast,,,,,unspecified,success_or_retained,02_evidence_raw/remote_stm32/profiling/f746_kws_cmsis_coverage_recheck.csv
02_evidence_raw/remote_stm32/profiling/f746_kws_cmsis_coverage_recheck.csv,11,f746,kws,f746_kws_cmsis_coverage_recheck,fixed_shape_codegen,,,,,unspecified,success_or_retained,02_evidence_raw/remote_stm32/profiling/f746_kws_cmsis_coverage_recheck.csv
02_evidence_raw/remote_stm32/profiling/f746_kws_cmsis_coverage_recheck.csv,12,f746,kws,f746_kws_cmsis_coverage_recheck,fixed_shape_codegen;cmsis_nn_ofast,,,,,unspecified,success_or_retained,02_evidence_raw/remote_stm32/profiling/f746_kws_cmsis_coverage_recheck.csv
02_evidence_raw/remote_stm32/profiling/f746_kws_cmsis_coverage_recheck.csv,13,f746,kws,f746_kws_cmsis_coverage_recheck,fixed_shape_codegen;cmsis_nn_ofast,,,,,unspecified,success_or_retained,02_evidence_raw/remote_stm32/profiling/f746_kws_cmsis_coverage_recheck.csv
02_evidence_raw/remote_stm32/quant/f746_ad_sensitivity.csv,1,f746,ad,ad,lowbit_int4,,,,,unspecified,success_or_retained,02_evidence_raw/remote_stm32/quant/f746_ad_sensitivity.csv
02_evidence_raw/remote_stm32/quant/f746_int4_artifact_inventory.csv,1,f746,ad,f746_ad_selective_int4_all_layers_trial,lowbit_int4,,,,,build_pass,success_or_retained,02_evidence_raw/remote_stm32/quant/f746_int4_artifact_inventory.csv
02_evidence_raw/remote_stm32/quant/f746_int4_artifact_inventory.csv,2,f746,ad,f746_ad_selective_int4_layer0_trial,lowbit_int4,,,,,build_pass,success_or_retained,02_evidence_raw/remote_stm32/quant/f746_int4_artifact_inventory.csv
02_evidence_raw/remote_stm32/quant/f746_int4_artifact_inventory.csv,3,f746,ad,f746_ad_selective_int4_layer9_pair_smlad_trial,lowbit_int4,,,,,build_pass,success_or_retained,02_evidence_raw/remote_stm32/quant/f746_int4_artifact_inventory.csv
02_evidence_raw/remote_stm32/quant/f746_int4_artifact_inventory.csv,4,f746,ad,f746_ad_selective_int4_layer9_trial,lowbit_int4,,,,,build_pass,success_or_retained,02_evidence_raw/remote_stm32/quant/f746_int4_artifact_inventory.csv
02_evidence_raw/remote_stm32/quant/f746_int4_artifact_inventory.csv,5,f746,ad,f746_ad_selective_int4_trial,lowbit_int4,,,,,build_pass,success_or_retained,02_evidence_raw/remote_stm32/quant/f746_int4_artifact_inventory.csv
02_evidence_raw/remote_stm32/quant/f746_int4_kernel_compile_probe.csv,1,f746,unknown,f746_int4_kernel_compile_probe,cmsis_nn_ofast;lowbit_int4;public_comparison,,,,,unspecified,success_or_retained,02_evidence_raw/remote_stm32/quant/f746_int4_kernel_compile_probe.csv
02_evidence_raw/remote_stm32/quant/f746_int4_kernel_compile_probe.csv,2,f746,unknown,f746_int4_kernel_compile_probe,cmsis_nn_ofast;lowbit_int4;public_comparison,,,,,unspecified,success_or_retained,02_evidence_raw/remote_stm32/quant/f746_int4_kernel_compile_probe.csv
02_evidence_raw/remote_stm32/quant/f746_int4_kernel_compile_probe.csv,3,f746,unknown,f746_int4_kernel_compile_probe,cmsis_nn_ofast;lowbit_int4;public_comparison,,,,,unspecified,success_or_retained,02_evidence_raw/remote_stm32/quant/f746_int4_kernel_compile_probe.csv
02_evidence_raw/remote_stm32/quant/f746_int4_offline_correctness_matrix.csv,4,f746,ad,selective_weight_only_int4,lowbit_int4,,,,,unspecified,success_or_retained,02_evidence_raw/remote_stm32/quant/f746_int4_offline_correctness_matrix.csv
02_evidence_raw/remote_stm32/quant/f746_int4_offline_correctness_matrix.csv,5,f746,ad,selective_weight_only_int4,lowbit_int4,,,,,unspecified,success_or_retained,02_evidence_raw/remote_stm32/quant/f746_int4_offline_correctness_matrix.csv
02_evidence_raw/remote_stm32/quant/f746_int4_offline_correctness_matrix.csv,8,f746,ad,selective_weight_only_int4,lowbit_int4,,,,,unspecified,success_or_retained,02_evidence_raw/remote_stm32/quant/f746_int4_offline_correctness_matrix.csv
02_evidence_raw/remote_stm32/quant/f746_selective_lowbit_matrix.csv,1,f746,unknown,f746_selective_lowbit_matrix_next_executable_candidate,lowbit_int4;operator_autotune,,,,,pending_candidate_build,success_or_retained,02_evidence_raw/remote_stm32/quant/f746_selective_lowbit_matrix.csv
02_evidence_raw/remote_stm32/quant/f746_speed_catchup_lowbit_matrix.csv,1,f746,vww,vww_selective_weight_only_int4_hotspot,fixed_shape_codegen;lowbit_int4,pending,,pending_if_promising,,pending_after_codegen_and_fallback_pass,success_or_retained,02_evidence_raw/remote_stm32/quant/f746_speed_catchup_lowbit_matrix.csv
02_evidence_raw/remote_stm32/quant/f746_speed_catchup_lowbit_matrix.csv,2,f746,ic,ic_selective_weight_only_int4_convblock,fixed_shape_codegen;lowbit_int4,pending,,pending_if_promising,,pending_after_codegen_and_fallback_pass,success_or_retained,02_evidence_raw/remote_stm32/quant/f746_speed_catchup_lowbit_matrix.csv
02_evidence_raw/remote_stm32/quant/f746_speed_catchup_lowbit_matrix.csv,3,f746,kws,kws_selective_weight_only_int4_dscnn,fixed_shape_codegen;lowbit_int4,pending,,pending_if_promising,,pending_after_codegen_and_fallback_pass,success_or_retained,02_evidence_raw/remote_stm32/quant/f746_speed_catchup_lowbit_matrix.csv
02_evidence_raw/remote_stm32/reports/f746_final_candidate_matrix.csv,1,f746,kws,cmsis_nn_release_plus_ofast,cmsis_nn_ofast;g0_sram_rescue,26.652,,90.1,,conservative_retained_release_freeze,success_or_retained,02_evidence_raw/remote_stm32/reports/f746_final_candidate_matrix.csv
02_evidence_raw/remote_stm32/reports/f746_final_candidate_matrix.csv,2,f746,vww,cmsis_nn_release_plus_ofast,cmsis_nn_ofast;g0_sram_rescue,8.127,,85.8,,conservative_retained_release_freeze,success_or_retained,02_evidence_raw/remote_stm32/reports/f746_final_candidate_matrix.csv
02_evidence_raw/remote_stm32/reports/f746_final_candidate_matrix.csv,3,f746,ic,cmsis_nn_release_plus_ofast,cmsis_nn_ofast;g0_sram_rescue,6.859,,87.5,,conservative_retained_release_freeze,success_or_retained,02_evidence_raw/remote_stm32/reports/f746_final_candidate_matrix.csv
02_evidence_raw/remote_stm32/reports/f746_final_candidate_matrix.csv,4,f746,ad,cmsis_nn_o3_squeeze,cmsis_nn_ofast;g0_sram_rescue,376.294,,78.1,,conservative_retained_release_freeze,success_or_retained,02_evidence_raw/remote_stm32/reports/f746_final_candidate_matrix.csv
02_evidence_raw/remote_stm32/reports/f746_offline_candidate_matrix.csv,1,f746,ad,release_plus_ofast,cmsis_nn_ofast;public_comparison,,,,,unspecified,success_or_retained,02_evidence_raw/remote_stm32/reports/f746_offline_candidate_matrix.csv
02_evidence_raw/remote_stm32/reports/f746_offline_candidate_matrix.csv,2,f746,kws,release_plus_ofast,cmsis_nn_ofast;public_comparison,,,,,unspecified,success_or_retained,02_evidence_raw/remote_stm32/reports/f746_offline_candidate_matrix.csv
02_evidence_raw/remote_stm32/reports/f746_offline_candidate_matrix.csv,3,f746,vww,release_plus_ofast,cmsis_nn_ofast;public_comparison,,,,,unspecified,success_or_retained,02_evidence_raw/remote_stm32/reports/f746_offline_candidate_matrix.csv
02_evidence_raw/remote_stm32/reports/f746_offline_candidate_matrix.csv,4,f746,ic,release_plus_ofast,cmsis_nn_ofast;public_comparison,,,,,unspecified,success_or_retained,02_evidence_raw/remote_stm32/reports/f746_offline_candidate_matrix.csv
02_evidence_raw/remote_stm32/reports/f746_vs_mlperf_public_compare.csv,1,f746,kws,f746_vs_mlperf_public_compare,cmsis_nn_ofast;public_comparison,,-99.827,,,behind_public_best,success_or_retained,02_evidence_raw/remote_stm32/reports/f746_vs_mlperf_public_compare.csv
02_evidence_raw/remote_stm32/reports/f746_vs_mlperf_public_compare.csv,2,f746,vww,f746_vs_mlperf_public_compare,cmsis_nn_ofast;public_comparison,,-99.907,,,behind_public_best,success_or_retained,02_evidence_raw/remote_stm32/reports/f746_vs_mlperf_public_compare.csv
02_evidence_raw/remote_stm32/reports/f746_vs_mlperf_public_compare.csv,3,f746,ic,f746_vs_mlperf_public_compare,cmsis_nn_ofast;public_comparison,,-99.934,,,behind_public_best,success_or_retained,02_evidence_raw/remote_stm32/reports/f746_vs_mlperf_public_compare.csv
02_evidence_raw/remote_stm32/reports/f746_vs_mlperf_public_compare.csv,4,f746,ad,f746_vs_mlperf_public_compare,cmsis_nn_ofast;public_comparison,,-97.427,,,behind_public_best,success_or_retained,02_evidence_raw/remote_stm32/reports/f746_vs_mlperf_public_compare.csv
02_evidence_raw/remote_stm32/reports/post_final_f746_micro_gain_matrix.csv,1,f746,f746_vww,post_final_f746_micro_gain_matrix,fixed_shape_codegen;no_log_monitor,,,,,queued_if_user_not_using_board,success_or_retained,02_evidence_raw/remote_stm32/reports/post_final_f746_micro_gain_matrix.csv
02_evidence_raw/remote_stm32/reports/post_final_f746_micro_gain_matrix.csv,2,f746,f746_vww,post_final_f746_micro_gain_matrix,other,,,,,queued_if_user_not_using_board,success_or_retained,02_evidence_raw/remote_stm32/reports/post_final_f746_micro_gain_matrix.csv
02_evidence_raw/remote_stm32/root_files/closed_runtime_codegen_matrix.csv,1,unknown,kws,kws,fixed_shape_codegen;cmsis_nn_ofast,26.652,,,,closed_retained_baseline,success_or_retained,02_evidence_raw/remote_stm32/root_files/closed_runtime_codegen_matrix.csv
02_evidence_raw/remote_stm32/root_files/closed_runtime_codegen_matrix.csv,6,unknown,vww,vww,fixed_shape_codegen;cmsis_nn_ofast,8.127,,,,closed_retained_baseline,success_or_retained,02_evidence_raw/remote_stm32/root_files/closed_runtime_codegen_matrix.csv
02_evidence_raw/remote_stm32/root_files/closed_runtime_codegen_matrix.csv,11,unknown,ic,ic,fixed_shape_codegen;cmsis_nn_ofast,6.859,,,,closed_retained_baseline,success_or_retained,02_evidence_raw/remote_stm32/root_files/closed_runtime_codegen_matrix.csv
02_evidence_raw/remote_stm32/root_files/closed_runtime_codegen_matrix.csv,16,unknown,ad,ad,fixed_shape_codegen;cmsis_nn_ofast,376.294,,,,closed_retained_baseline,success_or_retained,02_evidence_raw/remote_stm32/root_files/closed_runtime_codegen_matrix.csv
02_evidence_raw/remote_stm32/root_files/compiler_flag_matrix.csv,1,f746,ad,ad,g0_sram_rescue,,,pass_top1_78.1_auc_0.862,,retained_baseline,success_or_retained,02_evidence_raw/remote_stm32/root_files/compiler_flag_matrix.csv
02_evidence_raw/remote_stm32/root_files/compiler_flag_matrix.csv,3,f746,ad,ad,cmsis_nn_ofast,,,pass_top1_78.1_auc_0.862,,retained_new_latency_best,success_or_retained,02_evidence_raw/remote_stm32/root_files/compiler_flag_matrix.csv
02_evidence_raw/remote_stm32/root_files/compiler_flag_matrix.csv,4,f746,ic,ic,cmsis_nn_ofast,,,pass_top1_87.5_auc_0.988,,retained_new_latency_best,success_or_retained,02_evidence_raw/remote_stm32/root_files/compiler_flag_matrix.csv
02_evidence_raw/remote_stm32/root_files/compiler_flag_matrix.csv,5,f746,kws,kws,cmsis_nn_ofast,,,pass_top1_90.1_auc_0.995,,retained_new_latency_best,success_or_retained,02_evidence_raw/remote_stm32/root_files/compiler_flag_matrix.csv
02_evidence_raw/remote_stm32/root_files/compiler_flag_matrix.csv,6,f746,vww,vww,cmsis_nn_ofast,,,pass_top1_85.8_auc_0.937,,retained_new_latency_best,success_or_retained,02_evidence_raw/remote_stm32/root_files/compiler_flag_matrix.csv
02_evidence_raw/remote_stm32/root_files/f746_ad_defense_replay.csv,1,f746,ad,f746_ad_defense_replay,other,376.294,,,,retained_o3_squeeze,success_or_retained,02_evidence_raw/remote_stm32/root_files/f746_ad_defense_replay.csv
02_evidence_raw/remote_stm32/root_files/f746_ad_defense_replay.csv,2,f746,ad,f746_ad_defense_replay,other,complete_in_repro_matrix,,,,retained_o3_squeeze,success_or_retained,02_evidence_raw/remote_stm32/root_files/f746_ad_defense_replay.csv
02_evidence_raw/remote_stm32/root_files/f746_ad_defense_replay.csv,3,f746,ad,f746_ad_defense_replay,other,complete_in_repro_matrix,,,,retained_o3_squeeze,success_or_retained,02_evidence_raw/remote_stm32/root_files/f746_ad_defense_replay.csv
02_evidence_raw/remote_stm32/root_files/f746_ad_safe_squeeze_matrix.csv,1,f746,ad,current_o3_squeeze,other,,0.000,,,keep,success_or_retained,02_evidence_raw/remote_stm32/root_files/f746_ad_safe_squeeze_matrix.csv
02_evidence_raw/remote_stm32/root_files/f746_ad_sensitivity.csv,1,f746,ad,ad,lowbit_int4,,,,,unspecified,success_or_retained,02_evidence_raw/remote_stm32/root_files/f746_ad_sensitivity.csv
02_evidence_raw/remote_stm32/root_files/f746_aggressive_candidate_replay.csv,1,f746,all,none,other,,not_applicable,,,no_aggressive_release_candidate_found_above_0.2pct_gate,success_or_retained,02_evidence_raw/remote_stm32/root_files/f746_aggressive_candidate_replay.csv
02_evidence_raw/remote_stm32/root_files/f746_alternative_runtime_matrix.csv,1,f746,kws,cmsis_nn_release_plus_ofast,cmsis_nn_ofast,26.651,,paired_pass,,keep_current_conservative_retained,success_or_retained,02_evidence_raw/remote_stm32/root_files/f746_alternative_runtime_matrix.csv
02_evidence_raw/remote_stm32/root_files/f746_alternative_runtime_matrix.csv,6,f746,vww,cmsis_nn_release_plus_ofast,cmsis_nn_ofast,8.127,,paired_pass,,keep_current_conservative_retained,success_or_retained,02_evidence_raw/remote_stm32/root_files/f746_alternative_runtime_matrix.csv
02_evidence_raw/remote_stm32/root_files/f746_alternative_runtime_matrix.csv,11,f746,ic,cmsis_nn_release_plus_ofast,cmsis_nn_ofast,6.859,,paired_pass,,keep_current_conservative_retained,success_or_retained,02_evidence_raw/remote_stm32/root_files/f746_alternative_runtime_matrix.csv
02_evidence_raw/remote_stm32/root_files/f746_alternative_runtime_matrix.csv,16,f746,ad,cmsis_nn_o3_squeeze,cmsis_nn_ofast,376.294,,paired_pass,,keep_current_conservative_retained,success_or_retained,02_evidence_raw/remote_stm32/root_files/f746_alternative_runtime_matrix.csv
02_evidence_raw/remote_stm32/root_files/f746_compile_squeeze_matrix.csv,2,f746,kws,kws,cmsis_nn_ofast,,,Top1 90.1 / AUC 0.995,,current_retained_reference,success_or_retained,02_evidence_raw/remote_stm32/root_files/f746_compile_squeeze_matrix.csv
02_evidence_raw/remote_stm32/root_files/f746_compile_squeeze_matrix.csv,9,f746,kws,kws,other,,,Top1 90.1 / AUC 0.995,,current_retained_reference,success_or_retained,02_evidence_raw/remote_stm32/root_files/f746_compile_squeeze_matrix.csv
02_evidence_raw/remote_stm32/root_files/f746_compile_squeeze_matrix.csv,11,f746,vww,vww,cmsis_nn_ofast,,,Top1 85.8 / AUC 0.937,,current_retained_reference,success_or_retained,02_evidence_raw/remote_stm32/root_files/f746_compile_squeeze_matrix.csv
02_evidence_raw/remote_stm32/root_files/f746_compile_squeeze_matrix.csv,18,f746,vww,vww,other,,,Top1 85.8 / AUC 0.937,,current_retained_reference,success_or_retained,02_evidence_raw/remote_stm32/root_files/f746_compile_squeeze_matrix.csv
02_evidence_raw/remote_stm32/root_files/f746_compile_squeeze_matrix.csv,20,f746,ic,ic,cmsis_nn_ofast,,,Top1 87.5 / AUC 0.988,,current_retained_reference,success_or_retained,02_evidence_raw/remote_stm32/root_files/f746_compile_squeeze_matrix.csv
02_evidence_raw/remote_stm32/root_files/f746_compile_squeeze_matrix.csv,27,f746,ic,ic,other,,,Top1 87.5 / AUC 0.988,,current_retained_reference,success_or_retained,02_evidence_raw/remote_stm32/root_files/f746_compile_squeeze_matrix.csv
02_evidence_raw/remote_stm32/root_files/f746_compile_squeeze_matrix.csv,28,f746,ad,ad,cmsis_nn_ofast,,,pass_top1_78.1_auc_0.862,,retained_new_latency_best_after_3x_replay,success_or_retained,02_evidence_raw/remote_stm32/root_files/f746_compile_squeeze_matrix.csv
02_evidence_raw/remote_stm32/root_files/f746_compile_squeeze_matrix.csv,29,f746,ad,ad,cmsis_nn_ofast,,,Top1 78.1 / AUC 0.862,,current_retained_reference,success_or_retained,02_evidence_raw/remote_stm32/root_files/f746_compile_squeeze_matrix.csv
02_evidence_raw/remote_stm32/root_files/f746_compile_squeeze_matrix.csv,36,f746,ad,ad,other,,,Top1 78.1 / AUC 0.862,,current_retained_reference,success_or_retained,02_evidence_raw/remote_stm32/root_files/f746_compile_squeeze_matrix.csv
02_evidence_raw/remote_stm32/root_files/f746_final_candidate_matrix.csv,1,f746,kws,cmsis_nn_release_plus_ofast,cmsis_nn_ofast;g0_sram_rescue,26.652,,90.1,,conservative_retained_release_freeze,success_or_retained,02_evidence_raw/remote_stm32/root_files/f746_final_candidate_matrix.csv
02_evidence_raw/remote_stm32/root_files/f746_final_candidate_matrix.csv,2,f746,vww,cmsis_nn_release_plus_ofast,cmsis_nn_ofast;g0_sram_rescue,8.127,,85.8,,conservative_retained_release_freeze,success_or_retained,02_evidence_raw/remote_stm32/root_files/f746_final_candidate_matrix.csv
02_evidence_raw/remote_stm32/root_files/f746_final_candidate_matrix.csv,3,f746,ic,cmsis_nn_release_plus_ofast,cmsis_nn_ofast;g0_sram_rescue,6.859,,87.5,,conservative_retained_release_freeze,success_or_retained,02_evidence_raw/remote_stm32/root_files/f746_final_candidate_matrix.csv
02_evidence_raw/remote_stm32/root_files/f746_final_candidate_matrix.csv,4,f746,ad,cmsis_nn_o3_squeeze,cmsis_nn_ofast;g0_sram_rescue,376.294,,78.1,,conservative_retained_release_freeze,success_or_retained,02_evidence_raw/remote_stm32/root_files/f746_final_candidate_matrix.csv
02_evidence_raw/remote_stm32/root_files/f746_final_reproducibility_freeze.csv,1,f746,kws,kws,cmsis_nn_ofast,26.652,,,,repro_pass,success_or_retained,02_evidence_raw/remote_stm32/root_files/f746_final_reproducibility_freeze.csv
02_evidence_raw/remote_stm32/root_files/f746_final_reproducibility_freeze.csv,2,f746,kws,kws,cmsis_nn_ofast,26.652,,,,repro_pass,success_or_retained,02_evidence_raw/remote_stm32/root_files/f746_final_reproducibility_freeze.csv
02_evidence_raw/remote_stm32/root_files/f746_final_reproducibility_freeze.csv,3,f746,kws,kws,cmsis_nn_ofast,26.651,,,,repro_pass,success_or_retained,02_evidence_raw/remote_stm32/root_files/f746_final_reproducibility_freeze.csv
02_evidence_raw/remote_stm32/root_files/f746_final_reproducibility_freeze.csv,4,f746,vww,vww,cmsis_nn_ofast,8.126,,,,repro_pass,success_or_retained,02_evidence_raw/remote_stm32/root_files/f746_final_reproducibility_freeze.csv
02_evidence_raw/remote_stm32/root_files/f746_final_reproducibility_freeze.csv,5,f746,vww,vww,cmsis_nn_ofast,8.127,,,,repro_pass,success_or_retained,02_evidence_raw/remote_stm32/root_files/f746_final_reproducibility_freeze.csv
02_evidence_raw/remote_stm32/root_files/f746_final_reproducibility_freeze.csv,6,f746,vww,vww,cmsis_nn_ofast,8.127,,,,repro_pass,success_or_retained,02_evidence_raw/remote_stm32/root_files/f746_final_reproducibility_freeze.csv
02_evidence_raw/remote_stm32/root_files/f746_final_reproducibility_freeze.csv,7,f746,ic,ic,cmsis_nn_ofast,6.859,,,,repro_pass,success_or_retained,02_evidence_raw/remote_stm32/root_files/f746_final_reproducibility_freeze.csv
02_evidence_raw/remote_stm32/root_files/f746_final_reproducibility_freeze.csv,8,f746,ic,ic,cmsis_nn_ofast,6.859,,,,repro_pass,success_or_retained,02_evidence_raw/remote_stm32/root_files/f746_final_reproducibility_freeze.csv
02_evidence_raw/remote_stm32/root_files/f746_final_reproducibility_freeze.csv,9,f746,ic,ic,cmsis_nn_ofast,6.859,,,,repro_pass,success_or_retained,02_evidence_raw/remote_stm32/root_files/f746_final_reproducibility_freeze.csv
02_evidence_raw/remote_stm32/root_files/f746_final_reproducibility_freeze.csv,10,f746,ad,ad,other,376.302,,,,repro_pass,success_or_retained,02_evidence_raw/remote_stm32/root_files/f746_final_reproducibility_freeze.csv
02_evidence_raw/remote_stm32/root_files/f746_final_reproducibility_freeze.csv,11,f746,ad,ad,other,376.301,,,,repro_pass,success_or_retained,02_evidence_raw/remote_stm32/root_files/f746_final_reproducibility_freeze.csv
02_evidence_raw/remote_stm32/root_files/f746_final_reproducibility_freeze.csv,12,f746,ad,ad,other,376.297,,,,repro_pass,success_or_retained,02_evidence_raw/remote_stm32/root_files/f746_final_reproducibility_freeze.csv
02_evidence_raw/remote_stm32/root_files/f746_ic_alternative_runtime_matrix.csv,1,f746,ic,cmsis_nn_release_plus_ofast,cmsis_nn_ofast,6.859,,,,keep,success_or_retained,02_evidence_raw/remote_stm32/root_files/f746_ic_alternative_runtime_matrix.csv
02_evidence_raw/remote_stm32/root_files/f746_ic_residual_activation_matrix.csv,1,f746,ic,current_cmsis_nn_add,cmsis_nn_ofast,,,,,retained_baseline,success_or_retained,02_evidence_raw/remote_stm32/root_files/f746_ic_residual_activation_matrix.csv
02_evidence_raw/remote_stm32/root_files/f746_int4_kernel_compile_probe.csv,1,f746,unknown,f746_int4_kernel_compile_probe,cmsis_nn_ofast;lowbit_int4;public_comparison,,,,,unspecified,success_or_retained,02_evidence_raw/remote_stm32/root_files/f746_int4_kernel_compile_probe.csv
02_evidence_raw/remote_stm32/root_files/f746_int4_kernel_compile_probe.csv,2,f746,unknown,f746_int4_kernel_compile_probe,cmsis_nn_ofast;lowbit_int4;public_comparison,,,,,unspecified,success_or_retained,02_evidence_raw/remote_stm32/root_files/f746_int4_kernel_compile_probe.csv
02_evidence_raw/remote_stm32/root_files/f746_int4_kernel_compile_probe.csv,3,f746,unknown,f746_int4_kernel_compile_probe,cmsis_nn_ofast;lowbit_int4;public_comparison,,,,,unspecified,success_or_retained,02_evidence_raw/remote_stm32/root_files/f746_int4_kernel_compile_probe.csv
02_evidence_raw/remote_stm32/root_files/f746_kws_frontend_squeeze_matrix.csv,1,f746,kws,current_host_feature_input,other,,,paired_pass,,retained_baseline,success_or_retained,02_evidence_raw/remote_stm32/root_files/f746_kws_frontend_squeeze_matrix.csv
02_evidence_raw/remote_stm32/root_files/f746_memory_tiering_matrix.csv,5,f746,all,all,other,,,,,not_retained,success_or_retained,02_evidence_raw/remote_stm32/root_files/f746_memory_tiering_matrix.csv
02_evidence_raw/remote_stm32/root_files/f746_memory_tiering_matrix.csv,6,f746,all,all,other,,,,,not_retained,success_or_retained,02_evidence_raw/remote_stm32/root_files/f746_memory_tiering_matrix.csv
02_evidence_raw/remote_stm32/root_files/f746_monitor_overhead_matrix.csv,1,f746,kws,current_harness,other,26.651,,,,retained_or_defended,success_or_retained,02_evidence_raw/remote_stm32/root_files/f746_monitor_overhead_matrix.csv
02_evidence_raw/remote_stm32/root_files/f746_monitor_overhead_matrix.csv,3,f746,vww,current_harness,other,8.127,,,,retained_or_defended,success_or_retained,02_evidence_raw/remote_stm32/root_files/f746_monitor_overhead_matrix.csv
02_evidence_raw/remote_stm32/root_files/f746_monitor_overhead_matrix.csv,5,f746,ic,current_harness,other,6.859,,,,retained_or_defended,success_or_retained,02_evidence_raw/remote_stm32/root_files/f746_monitor_overhead_matrix.csv
02_evidence_raw/remote_stm32/root_files/f746_monitor_overhead_matrix.csv,7,f746,ad,current_harness,other,376.294,,,,retained_or_defended,success_or_retained,02_evidence_raw/remote_stm32/root_files/f746_monitor_overhead_matrix.csv
02_evidence_raw/remote_stm32/root_files/f746_offline_candidate_matrix.csv,1,f746,ad,release_plus_ofast,cmsis_nn_ofast;public_comparison,,,,,unspecified,success_or_retained,02_evidence_raw/remote_stm32/root_files/f746_offline_candidate_matrix.csv
02_evidence_raw/remote_stm32/root_files/f746_offline_candidate_matrix.csv,2,f746,kws,release_plus_ofast,cmsis_nn_ofast;public_comparison,,,,,unspecified,success_or_retained,02_evidence_raw/remote_stm32/root_files/f746_offline_candidate_matrix.csv
02_evidence_raw/remote_stm32/root_files/f746_offline_candidate_matrix.csv,3,f746,vww,release_plus_ofast,cmsis_nn_ofast;public_comparison,,,,,unspecified,success_or_retained,02_evidence_raw/remote_stm32/root_files/f746_offline_candidate_matrix.csv
02_evidence_raw/remote_stm32/root_files/f746_offline_candidate_matrix.csv,4,f746,ic,release_plus_ofast,cmsis_nn_ofast;public_comparison,,,,,unspecified,success_or_retained,02_evidence_raw/remote_stm32/root_files/f746_offline_candidate_matrix.csv
02_evidence_raw/remote_stm32/root_files/f746_runtime_overhead_matrix.csv,1,f746,kws,current_harness,other,26.651,,,,retained_or_defended,success_or_retained,02_evidence_raw/remote_stm32/root_files/f746_runtime_overhead_matrix.csv
02_evidence_raw/remote_stm32/root_files/f746_runtime_overhead_matrix.csv,4,f746,vww,current_harness,other,8.127,,,,retained_or_defended,success_or_retained,02_evidence_raw/remote_stm32/root_files/f746_runtime_overhead_matrix.csv
02_evidence_raw/remote_stm32/root_files/f746_runtime_overhead_matrix.csv,7,f746,ic,current_harness,other,6.859,,,,retained_or_defended,success_or_retained,02_evidence_raw/remote_stm32/root_files/f746_runtime_overhead_matrix.csv
02_evidence_raw/remote_stm32/root_files/f746_runtime_overhead_matrix.csv,10,f746,ad,current_harness,other,376.294,,,,retained_or_defended,success_or_retained,02_evidence_raw/remote_stm32/root_files/f746_runtime_overhead_matrix.csv
02_evidence_raw/remote_stm32/root_files/f746_vs_mlperf_public_compare.csv,1,f746,kws,f746_vs_mlperf_public_compare,cmsis_nn_ofast;public_comparison,,-99.827,,,behind_public_best,success_or_retained,02_evidence_raw/remote_stm32/root_files/f746_vs_mlperf_public_compare.csv
02_evidence_raw/remote_stm32/root_files/f746_vs_mlperf_public_compare.csv,2,f746,vww,f746_vs_mlperf_public_compare,cmsis_nn_ofast;public_comparison,,-99.907,,,behind_public_best,success_or_retained,02_evidence_raw/remote_stm32/root_files/f746_vs_mlperf_public_compare.csv
02_evidence_raw/remote_stm32/root_files/f746_vs_mlperf_public_compare.csv,3,f746,ic,f746_vs_mlperf_public_compare,cmsis_nn_ofast;public_comparison,,-99.934,,,behind_public_best,success_or_retained,02_evidence_raw/remote_stm32/root_files/f746_vs_mlperf_public_compare.csv
02_evidence_raw/remote_stm32/root_files/f746_vs_mlperf_public_compare.csv,4,f746,ad,f746_vs_mlperf_public_compare,cmsis_nn_ofast;public_comparison,,-97.427,,,behind_public_best,success_or_retained,02_evidence_raw/remote_stm32/root_files/f746_vs_mlperf_public_compare.csv
02_evidence_raw/remote_stm32/root_files/f746_vww_alternative_runtime_matrix.csv,1,f746,vww,cmsis_nn_release_plus_ofast,cmsis_nn_ofast,8.127,,,,keep,success_or_retained,02_evidence_raw/remote_stm32/root_files/f746_vww_alternative_runtime_matrix.csv
02_evidence_raw/remote_stm32/root_files/f746_vww_arena_scratch_matrix.csv,1,f746,vww,current_200kb_arena,arena_reuse;g0_sram_rescue,,,,,retained_baseline,success_or_retained,02_evidence_raw/remote_stm32/root_files/f746_vww_arena_scratch_matrix.csv
02_evidence_raw/remote_stm32/root_files/final_board_model_runtime_matrix.csv,1,f746,kws,cmsis_nn_release_plus_ofast,cmsis_nn_ofast,26.652,baseline,top1_90.1_auc_0.995,3_plus,conservative_retained_release_freeze,success_or_retained,02_evidence_raw/remote_stm32/root_files/final_board_model_runtime_matrix.csv
02_evidence_raw/remote_stm32/root_files/final_board_model_runtime_matrix.csv,2,f746,vww,vww_early_dw_pw_stream_checked,early_stream_fusion,8.386,1.158_vs_8.290_retained_candidate,paired_pass,5/5,conservative_retained_phase11,success_or_retained,02_evidence_raw/remote_stm32/root_files/final_board_model_runtime_matrix.csv
02_evidence_raw/remote_stm32/root_files/final_board_model_runtime_matrix.csv,3,f746,ic,cmsis_nn_release_plus_ofast,cmsis_nn_ofast,6.859,baseline,top1_87.5_auc_0.988,3_plus,conservative_retained_release_freeze,success_or_retained,02_evidence_raw/remote_stm32/root_files/final_board_model_runtime_matrix.csv
02_evidence_raw/remote_stm32/root_files/final_board_model_runtime_matrix.csv,4,f746,ad,ad_static_schedule_direct_cmsis_s8_unchecked,static_schedule,396.286,5.313,paired_hardened_pass_or_checked_fallback,5,conservative_retained_deep_impl,success_or_retained,02_evidence_raw/remote_stm32/root_files/final_board_model_runtime_matrix.csv
02_evidence_raw/remote_stm32/root_files/g0_kws_sram_offender_table.csv,12,g0,kws,rescue_128k,g0_sram_rescue,,,,,unspecified,success_or_retained,02_evidence_raw/remote_stm32/root_files/g0_kws_sram_offender_table.csv
02_evidence_raw/remote_stm32/root_files/reproducibility_matrix.csv,5,f746,kws,cmsis_nn_release_plus_ofast,cmsis_nn_ofast;public_comparison,,,,,series_target_reached,success_or_retained,02_evidence_raw/remote_stm32/root_files/reproducibility_matrix.csv
02_evidence_raw/remote_stm32/root_files/reproducibility_matrix.csv,6,f746,vww,cmsis_nn_release_plus_ofast,cmsis_nn_ofast;public_comparison,,,,,series_target_reached,success_or_retained,02_evidence_raw/remote_stm32/root_files/reproducibility_matrix.csv
02_evidence_raw/remote_stm32/root_files/reproducibility_matrix.csv,7,f746,ic,cmsis_nn_release_plus_ofast,cmsis_nn_ofast;public_comparison,,,,,series_target_reached,success_or_retained,02_evidence_raw/remote_stm32/root_files/reproducibility_matrix.csv
02_evidence_raw/remote_stm32/root_files/reproducibility_matrix.csv,8,f746,ad,cmsis_nn_release_plus_ofast,cmsis_nn_ofast;public_comparison,,,,,series_target_reached,success_or_retained,02_evidence_raw/remote_stm32/root_files/reproducibility_matrix.csv
02_evidence_raw/remote_stm32/root_files/reproducibility_matrix.csv,11,f746,ad,cmsis_nn_o3_squeeze,cmsis_nn_ofast;public_comparison,,,,,series_target_reached,success_or_retained,02_evidence_raw/remote_stm32/root_files/reproducibility_matrix.csv
02_evidence_raw/remote_stm32/root_files/results_matrix.csv,12,f746,kws,cmsis_nn_release_plus_ofast,cmsis_nn_ofast,,,top1_90.1_auc_0.995,,retain_new_latency_best,success_or_retained,02_evidence_raw/remote_stm32/root_files/results_matrix.csv
02_evidence_raw/remote_stm32/root_files/results_matrix.csv,13,f746,vww,cmsis_nn_source_ref_trial,arena_reuse;cmsis_nn_ofast,,,not_run,,retain_secondary_performance_candidate,success_or_retained,02_evidence_raw/remote_stm32/root_files/results_matrix.csv
02_evidence_raw/remote_stm32/root_files/results_matrix.csv,25,g0,kws,cmsis_nn_latency_rescue_128k_align16,arena_reuse;cmsis_nn_ofast;g0_sram_rescue,,,not_run,,retain_alignment_fix_candidate,success_or_retained,02_evidence_raw/remote_stm32/root_files/results_matrix.csv
02_evidence_raw/remote_stm32/root_files/results_matrix.csv,26,g0,kws,cmsis_nn_latency_rescue_128k_align16,arena_reuse;cmsis_nn_ofast;g0_sram_rescue,,,not_run,,promote_toward_formal_perf_accuracy,success_or_retained,02_evidence_raw/remote_stm32/root_files/results_matrix.csv
02_evidence_raw/remote_stm32/root_files/results_matrix.csv,31,f746,ad,cmsis_nn_o3_squeeze,cmsis_nn_ofast,,,top1_78.1_auc_0.862,,retained_new_latency_best_after_3x_replay,success_or_retained,02_evidence_raw/remote_stm32/root_files/results_matrix.csv
02_evidence_raw/remote_stm32/root_files/runtime_feasibility_matrix.csv,14,f746,vww,cmsis_nn_release_plus_ofast,cmsis_nn_ofast,,,pass_top1_85.8_auc_0.937,,retained_current_f746_best,success_or_retained,02_evidence_raw/remote_stm32/root_files/runtime_feasibility_matrix.csv
02_evidence_raw/remote_stm32/root_files/runtime_feasibility_matrix.csv,21,f746,ic,cmsis_nn_release_plus_ofast,cmsis_nn_ofast,,,pass_top1_87.5_auc_0.988,,retained_current_f746_best,success_or_retained,02_evidence_raw/remote_stm32/root_files/runtime_feasibility_matrix.csv
02_evidence_raw/remote_stm32/root_files/runtime_feasibility_matrix.csv,22,f746,ad,cmsis_nn_o3_squeeze,cmsis_nn_ofast,,,pass_top1_78.1_auc_0.862,,retained_new_latency_best_after_3x_replay,success_or_retained,02_evidence_raw/remote_stm32/root_files/runtime_feasibility_matrix.csv
02_evidence_raw/remote_stm32/root_files/static_resource_rank.csv,1,f746,ad,ofast_gc,cmsis_nn_ofast,,,,,pass,success_or_retained,02_evidence_raw/remote_stm32/root_files/static_resource_rank.csv
02_evidence_raw/remote_stm32/root_files/static_resource_rank.csv,2,f746,ad,ofast_no_common,cmsis_nn_ofast,,,,,pass,success_or_retained,02_evidence_raw/remote_stm32/root_files/static_resource_rank.csv
02_evidence_raw/remote_stm32/root_files/static_resource_rank.csv,3,f746,ad,Ofast+gc-sections,cmsis_nn_ofast,,,,,pass,success_or_retained,02_evidence_raw/remote_stm32/root_files/static_resource_rank.csv
02_evidence_raw/remote_stm32/root_files/static_resource_rank.csv,4,f746,ad,Ofast+no-common,cmsis_nn_ofast,,,,,pass,success_or_retained,02_evidence_raw/remote_stm32/root_files/static_resource_rank.csv
02_evidence_raw/remote_stm32/root_files/static_resource_rank.csv,5,f746,ad,O3,other,,,,,pass,success_or_retained,02_evidence_raw/remote_stm32/root_files/static_resource_rank.csv
02_evidence_raw/remote_stm32/root_files/static_resource_rank.csv,6,f746,ad,Ofast,cmsis_nn_ofast,,,,,pass,success_or_retained,02_evidence_raw/remote_stm32/root_files/static_resource_rank.csv
02_evidence_raw/remote_stm32/root_files/static_resource_rank.csv,7,f746,ad,current_best_known,other,,,,,pass,success_or_retained,02_evidence_raw/remote_stm32/root_files/static_resource_rank.csv
02_evidence_raw/remote_stm32/root_files/static_resource_rank.csv,9,f746,ic,ofast_gc,cmsis_nn_ofast,,,,,pass,success_or_retained,02_evidence_raw/remote_stm32/root_files/static_resource_rank.csv
02_evidence_raw/remote_stm32/root_files/static_resource_rank.csv,10,f746,ic,ofast_no_common,cmsis_nn_ofast,,,,,pass,success_or_retained,02_evidence_raw/remote_stm32/root_files/static_resource_rank.csv
02_evidence_raw/remote_stm32/root_files/static_resource_rank.csv,11,f746,ic,Ofast+gc-sections,cmsis_nn_ofast,,,,,pass,success_or_retained,02_evidence_raw/remote_stm32/root_files/static_resource_rank.csv
02_evidence_raw/remote_stm32/root_files/static_resource_rank.csv,12,f746,ic,Ofast+no-common,cmsis_nn_ofast,,,,,pass,success_or_retained,02_evidence_raw/remote_stm32/root_files/static_resource_rank.csv
02_evidence_raw/remote_stm32/root_files/static_resource_rank.csv,13,f746,ic,O3,other,,,,,pass,success_or_retained,02_evidence_raw/remote_stm32/root_files/static_resource_rank.csv
02_evidence_raw/remote_stm32/root_files/static_resource_rank.csv,14,f746,ic,Ofast,cmsis_nn_ofast,,,,,pass,success_or_retained,02_evidence_raw/remote_stm32/root_files/static_resource_rank.csv
02_evidence_raw/remote_stm32/root_files/static_resource_rank.csv,15,f746,ic,current_best_known,other,,,,,pass,success_or_retained,02_evidence_raw/remote_stm32/root_files/static_resource_rank.csv
02_evidence_raw/remote_stm32/root_files/static_resource_rank.csv,17,f746,kws,ofast_gc,cmsis_nn_ofast,,,,,pass,success_or_retained,02_evidence_raw/remote_stm32/root_files/static_resource_rank.csv
02_evidence_raw/remote_stm32/root_files/static_resource_rank.csv,18,f746,kws,ofast_no_common,cmsis_nn_ofast,,,,,pass,success_or_retained,02_evidence_raw/remote_stm32/root_files/static_resource_rank.csv
02_evidence_raw/remote_stm32/root_files/static_resource_rank.csv,19,f746,kws,Ofast+gc-sections,cmsis_nn_ofast,,,,,pass,success_or_retained,02_evidence_raw/remote_stm32/root_files/static_resource_rank.csv
02_evidence_raw/remote_stm32/root_files/static_resource_rank.csv,20,f746,kws,Ofast+no-common,cmsis_nn_ofast,,,,,pass,success_or_retained,02_evidence_raw/remote_stm32/root_files/static_resource_rank.csv
02_evidence_raw/remote_stm32/root_files/static_resource_rank.csv,21,f746,kws,O3,other,,,,,pass,success_or_retained,02_evidence_raw/remote_stm32/root_files/static_resource_rank.csv
02_evidence_raw/remote_stm32/root_files/static_resource_rank.csv,22,f746,kws,Ofast,cmsis_nn_ofast,,,,,pass,success_or_retained,02_evidence_raw/remote_stm32/root_files/static_resource_rank.csv
02_evidence_raw/remote_stm32/root_files/static_resource_rank.csv,23,f746,kws,current_best_known,other,,,,,pass,success_or_retained,02_evidence_raw/remote_stm32/root_files/static_resource_rank.csv
02_evidence_raw/remote_stm32/root_files/static_resource_rank.csv,25,f746,vww,ofast_gc,cmsis_nn_ofast,,,,,pass,success_or_retained,02_evidence_raw/remote_stm32/root_files/static_resource_rank.csv
02_evidence_raw/remote_stm32/root_files/static_resource_rank.csv,26,f746,vww,ofast_no_common,cmsis_nn_ofast,,,,,pass,success_or_retained,02_evidence_raw/remote_stm32/root_files/static_resource_rank.csv
02_evidence_raw/remote_stm32/root_files/static_resource_rank.csv,27,f746,vww,Ofast+gc-sections,cmsis_nn_ofast,,,,,pass,success_or_retained,02_evidence_raw/remote_stm32/root_files/static_resource_rank.csv
02_evidence_raw/remote_stm32/root_files/static_resource_rank.csv,28,f746,vww,Ofast+no-common,cmsis_nn_ofast,,,,,pass,success_or_retained,02_evidence_raw/remote_stm32/root_files/static_resource_rank.csv
02_evidence_raw/remote_stm32/root_files/static_resource_rank.csv,29,f746,vww,O3,other,,,,,pass,success_or_retained,02_evidence_raw/remote_stm32/root_files/static_resource_rank.csv
02_evidence_raw/remote_stm32/root_files/static_resource_rank.csv,30,f746,vww,Ofast,cmsis_nn_ofast,,,,,pass,success_or_retained,02_evidence_raw/remote_stm32/root_files/static_resource_rank.csv
02_evidence_raw/remote_stm32/root_files/static_resource_rank.csv,31,f746,vww,current_best_known,other,,,,,pass,success_or_retained,02_evidence_raw/remote_stm32/root_files/static_resource_rank.csv
02_evidence_raw/remote_stm32/root_files/timing_boundary_fix_matrix.csv,1,f746,kws,kws,other,,,,,pass_no_timing_boundary_fix,success_or_retained,02_evidence_raw/remote_stm32/root_files/timing_boundary_fix_matrix.csv
02_evidence_raw/remote_stm32/root_files/timing_boundary_fix_matrix.csv,2,f746,vww,vww,other,,,,,pass_no_timing_boundary_fix,success_or_retained,02_evidence_raw/remote_stm32/root_files/timing_boundary_fix_matrix.csv
02_evidence_raw/remote_stm32/root_files/timing_boundary_fix_matrix.csv,3,f746,ic,ic,other,,,,,pass_no_timing_boundary_fix,success_or_retained,02_evidence_raw/remote_stm32/root_files/timing_boundary_fix_matrix.csv
02_evidence_raw/remote_stm32/root_files/timing_boundary_fix_matrix.csv,4,f746,ad,ad,other,,,,,pass_no_timing_boundary_fix,success_or_retained,02_evidence_raw/remote_stm32/root_files/timing_boundary_fix_matrix.csv
02_evidence_raw/remote_stm32/runtime/closed_runtime_codegen_matrix.csv,1,unknown,kws,kws,fixed_shape_codegen;cmsis_nn_ofast,26.652,,,,closed_retained_baseline,success_or_retained,02_evidence_raw/remote_stm32/runtime/closed_runtime_codegen_matrix.csv
02_evidence_raw/remote_stm32/runtime/closed_runtime_codegen_matrix.csv,6,unknown,vww,vww,fixed_shape_codegen;cmsis_nn_ofast,8.127,,,,closed_retained_baseline,success_or_retained,02_evidence_raw/remote_stm32/runtime/closed_runtime_codegen_matrix.csv
02_evidence_raw/remote_stm32/runtime/closed_runtime_codegen_matrix.csv,11,unknown,ic,ic,fixed_shape_codegen;cmsis_nn_ofast,6.859,,,,closed_retained_baseline,success_or_retained,02_evidence_raw/remote_stm32/runtime/closed_runtime_codegen_matrix.csv
02_evidence_raw/remote_stm32/runtime/closed_runtime_codegen_matrix.csv,16,unknown,ad,ad,fixed_shape_codegen;cmsis_nn_ofast,376.294,,,,closed_retained_baseline,success_or_retained,02_evidence_raw/remote_stm32/runtime/closed_runtime_codegen_matrix.csv
02_evidence_raw/remote_stm32/runtime/f746_alternative_runtime_matrix.csv,1,f746,kws,cmsis_nn_release_plus_ofast,cmsis_nn_ofast,26.651,,paired_pass,,keep_current_conservative_retained,success_or_retained,02_evidence_raw/remote_stm32/runtime/f746_alternative_runtime_matrix.csv
02_evidence_raw/remote_stm32/runtime/f746_alternative_runtime_matrix.csv,6,f746,vww,cmsis_nn_release_plus_ofast,cmsis_nn_ofast,8.127,,paired_pass,,keep_current_conservative_retained,success_or_retained,02_evidence_raw/remote_stm32/runtime/f746_alternative_runtime_matrix.csv
02_evidence_raw/remote_stm32/runtime/f746_alternative_runtime_matrix.csv,11,f746,ic,cmsis_nn_release_plus_ofast,cmsis_nn_ofast,6.859,,paired_pass,,keep_current_conservative_retained,success_or_retained,02_evidence_raw/remote_stm32/runtime/f746_alternative_runtime_matrix.csv
02_evidence_raw/remote_stm32/runtime/f746_alternative_runtime_matrix.csv,16,f746,ad,cmsis_nn_o3_squeeze,cmsis_nn_ofast,376.294,,paired_pass,,keep_current_conservative_retained,success_or_retained,02_evidence_raw/remote_stm32/runtime/f746_alternative_runtime_matrix.csv
02_evidence_raw/remote_stm32/runtime/f746_codegen_block_matrix.csv,1,f746,ad,ad_static_schedule_direct_cmsis_s8,static_schedule;fixed_shape_codegen,379.890,0.956,,,aggressive_candidate_pending_accuracy_5x_replay,success_or_retained,02_evidence_raw/remote_stm32/runtime/f746_codegen_block_matrix.csv
02_evidence_raw/remote_stm32/runtime/f746_codegen_block_matrix.csv,2,f746,ad,ad_selective_weight_only_int4,fixed_shape_codegen;lowbit_int4,pending_board,pending_board,,,build_pass_pending_flash_smoke_perf,success_or_retained,02_evidence_raw/remote_stm32/runtime/f746_codegen_block_matrix.csv
02_evidence_raw/remote_stm32/runtime/f746_codegen_block_matrix.csv,3,f746,ad,ad_selective_weight_only_int4,fixed_shape_codegen;lowbit_int4,pending_board,pending_board,,,build_pass_pending_flash_smoke_perf,success_or_retained,02_evidence_raw/remote_stm32/runtime/f746_codegen_block_matrix.csv
02_evidence_raw/remote_stm32/runtime/f746_codegen_block_matrix.csv,4,f746,ad,ad_selective_weight_only_int4,fixed_shape_codegen;lowbit_int4,pending_board,pending_board,,,build_pass_pending_flash_smoke_perf,success_or_retained,02_evidence_raw/remote_stm32/runtime/f746_codegen_block_matrix.csv
02_evidence_raw/remote_stm32/runtime/f746_codegen_block_matrix.csv,5,f746,ad,ad_selective_weight_only_int4,fixed_shape_codegen;lowbit_int4,pending_board,pending_board,,,build_pass_pending_flash_smoke_perf,success_or_retained,02_evidence_raw/remote_stm32/runtime/f746_codegen_block_matrix.csv
02_evidence_raw/remote_stm32/runtime/f746_codegen_block_matrix.csv,7,f746,ad,ad_static_schedule_direct_cmsis_s8_unchecked,static_schedule;fixed_shape_codegen,396.286,5.313,,,conservative_candidate_pending_accuracy,success_or_retained,02_evidence_raw/remote_stm32/runtime/f746_codegen_block_matrix.csv
02_evidence_raw/remote_stm32/runtime/f746_ic_alternative_runtime_matrix.csv,1,f746,ic,cmsis_nn_release_plus_ofast,cmsis_nn_ofast,6.859,,,,keep,success_or_retained,02_evidence_raw/remote_stm32/runtime/f746_ic_alternative_runtime_matrix.csv
02_evidence_raw/remote_stm32/runtime/f746_ic_convblock_codegen_matrix.csv,5,f746,ic,ic_residual_plus_conv_coupled_checked,fixed_shape_codegen;residual_coupled,pending,,pending_if_quick_gain_ge_0p2,pending_if_accuracy_pass,implementation_required,success_or_retained,02_evidence_raw/remote_stm32/runtime/f746_ic_convblock_codegen_matrix.csv
02_evidence_raw/remote_stm32/runtime/f746_ic_convblock_codegen_matrix.csv,6,f746,ic,ic_residual_plus_conv_coupled_unchecked,fixed_shape_codegen;residual_coupled,pending,,pending_if_quick_gain_ge_0p2,pending_if_accuracy_pass,implementation_required,success_or_retained,02_evidence_raw/remote_stm32/runtime/f746_ic_convblock_codegen_matrix.csv
02_evidence_raw/remote_stm32/runtime/f746_ic_convblock_codegen_matrix.csv,7,f746,ic,ic_activation_no_copy_path,fixed_shape_codegen,pending,,pending_if_quick_gain_ge_0p2,pending_if_accuracy_pass,implementation_required,success_or_retained,02_evidence_raw/remote_stm32/runtime/f746_ic_convblock_codegen_matrix.csv
02_evidence_raw/remote_stm32/runtime/f746_ic_convblock_codegen_matrix.csv,8,f746,ic,ic_static_arena_tensor_reuse,arena_reuse;fixed_shape_codegen,pending,,pending_if_quick_gain_ge_0p2,pending_if_accuracy_pass,implementation_required,success_or_retained,02_evidence_raw/remote_stm32/runtime/f746_ic_convblock_codegen_matrix.csv
02_evidence_raw/remote_stm32/runtime/f746_ic_convblock_codegen_matrix.csv,9,f746,ic,ic_best_candidate_plus_static_schedule,static_schedule;fixed_shape_codegen,pending,,pending_if_quick_gain_ge_0p2,pending_if_accuracy_pass,implementation_required,success_or_retained,02_evidence_raw/remote_stm32/runtime/f746_ic_convblock_codegen_matrix.csv
02_evidence_raw/remote_stm32/runtime/f746_ic_fixedshape_candidate_matrix.csv,1,f746,ic,ic_residual_add_fixedshape_no_broadcast_helper,fixed_shape_codegen,pending,,pending_if_perf_positive,,next_deep_codegen_target,success_or_retained,02_evidence_raw/remote_stm32/runtime/f746_ic_fixedshape_candidate_matrix.csv
02_evidence_raw/remote_stm32/runtime/f746_ic_fixedshape_candidate_matrix.csv,2,f746,ic,ic_middle_conv_block_fixedshape,fixed_shape_codegen,pending,,pending_if_perf_positive,,after_residual_add_candidate,success_or_retained,02_evidence_raw/remote_stm32/runtime/f746_ic_fixedshape_candidate_matrix.csv
02_evidence_raw/remote_stm32/runtime/f746_ic_fixedshape_candidate_matrix.csv,9,f746,ic,ic_convblock1_plus_static_schedule_checked,static_schedule;fixed_shape_codegen,pending,,pending_if_quick_gain_ge_0p2,pending_if_accuracy_pass,wrapper_residual_add_surgery_exhausted_switch_to_convblock_codegen,success_or_retained,02_evidence_raw/remote_stm32/runtime/f746_ic_fixedshape_candidate_matrix.csv
02_evidence_raw/remote_stm32/runtime/f746_ic_fixedshape_candidate_matrix.csv,10,f746,ic,ic_convblock1_plus_static_schedule_unchecked,static_schedule;fixed_shape_codegen,pending,,pending_if_quick_gain_ge_0p2,pending_if_accuracy_pass,wrapper_residual_add_surgery_exhausted_switch_to_convblock_codegen,success_or_retained,02_evidence_raw/remote_stm32/runtime/f746_ic_fixedshape_candidate_matrix.csv
02_evidence_raw/remote_stm32/runtime/f746_kws_fixedshape_longrun_matrix.csv,4,f746,kws,kws_stem_conv_fixedshape_checked,fixed_shape_codegen;public_comparison,26.829,0.662,top1_90.1_pass,5/5,aggressive_candidate_speed_catchup_checked,success_or_retained,02_evidence_raw/remote_stm32/runtime/f746_kws_fixedshape_longrun_matrix.csv
02_evidence_raw/remote_stm32/runtime/f746_kws_fixedshape_longrun_matrix.csv,5,f746,kws,kws_stem_conv_fixedshape_unchecked,fixed_shape_codegen,26.891,0.897,top1_90.1_pass,5x_replay_pass,aggressive_candidate_speed_catchup,success_or_retained,02_evidence_raw/remote_stm32/runtime/f746_kws_fixedshape_longrun_matrix.csv
02_evidence_raw/remote_stm32/runtime/f746_static_schedule_matrix.csv,1,f746,ad,ad_static_schedule_direct_cmsis_s8,static_schedule,379.890,0.956,Top1=78.1;AUC=0.862,,aggressive_retained_deep_impl,success_or_retained,02_evidence_raw/remote_stm32/runtime/f746_static_schedule_matrix.csv
02_evidence_raw/remote_stm32/runtime/f746_static_schedule_matrix.csv,2,f746,ad,ad_static_schedule_direct_cmsis_s8_unchecked,static_schedule,396.286,5.313,Top1=78.1;AUC=0.862,,conservative_retained_deep_impl,success_or_retained,02_evidence_raw/remote_stm32/runtime/f746_static_schedule_matrix.csv
02_evidence_raw/remote_stm32/runtime/f746_vww_alternative_runtime_matrix.csv,1,f746,vww,cmsis_nn_release_plus_ofast,cmsis_nn_ofast,8.127,,,,keep,success_or_retained,02_evidence_raw/remote_stm32/runtime/f746_vww_alternative_runtime_matrix.csv
02_evidence_raw/remote_stm32/runtime/f746_vww_deep_codegen_matrix.csv,1,f746,vww,vww_depthwise_hottest_block_fixedshape_checked,fixed_shape_codegen,pending,,pending_if_quick_gain_ge_0p2,pending_if_accuracy_pass,implementation_required,success_or_retained,02_evidence_raw/remote_stm32/runtime/f746_vww_deep_codegen_matrix.csv
02_evidence_raw/remote_stm32/runtime/f746_vww_deep_codegen_matrix.csv,2,f746,vww,vww_depthwise_hottest_block_fixedshape_unchecked,fixed_shape_codegen,pending,,pending_if_quick_gain_ge_0p2,pending_if_accuracy_pass,implementation_required,success_or_retained,02_evidence_raw/remote_stm32/runtime/f746_vww_deep_codegen_matrix.csv
02_evidence_raw/remote_stm32/runtime/f746_vww_deep_codegen_matrix.csv,3,f746,vww,vww_pointwise_hotspot2_fixedshape_checked,fixed_shape_codegen,8.251,,pass,5/5,conservative_retained_phase11,success_or_retained,02_evidence_raw/remote_stm32/runtime/f746_vww_deep_codegen_matrix.csv
02_evidence_raw/remote_stm32/runtime/f746_vww_deep_codegen_matrix.csv,4,f746,vww,vww_pointwise_hotspot2_fixedshape_unchecked,fixed_shape_codegen,8.290,,pass,5/5,conservative_retained_phase11,success_or_retained,02_evidence_raw/remote_stm32/runtime/f746_vww_deep_codegen_matrix.csv
02_evidence_raw/remote_stm32/runtime/f746_vww_deep_codegen_matrix.csv,7,f746,vww,vww_best_candidate_plus_static_schedule_checked,static_schedule;fixed_shape_codegen,pending,,pending_if_quick_gain_ge_0p2,pending_if_accuracy_pass,phase11b_generated_after_vww_aggressive_candidate,success_or_retained,02_evidence_raw/remote_stm32/runtime/f746_vww_deep_codegen_matrix.csv
02_evidence_raw/remote_stm32/runtime/f746_vww_deep_codegen_matrix.csv,8,f746,vww,vww_best_candidate_plus_static_schedule_unchecked,static_schedule;fixed_shape_codegen,pending,,pending_if_quick_gain_ge_0p2,pending_if_accuracy_pass,phase11b_generated_after_vww_aggressive_candidate,success_or_retained,02_evidence_raw/remote_stm32/runtime/f746_vww_deep_codegen_matrix.csv
02_evidence_raw/remote_stm32/runtime/f746_vww_deep_codegen_matrix.csv,9,f746,vww,vww_best_candidate_plus_arena_scratch_reuse,arena_reuse;fixed_shape_codegen,pending,,pending_if_quick_gain_ge_0p2,pending_if_accuracy_pass,implementation_required,success_or_retained,02_evidence_raw/remote_stm32/runtime/f746_vww_deep_codegen_matrix.csv
02_evidence_raw/remote_stm32/runtime/f746_vww_deep_codegen_matrix.csv,10,f746,vww,vww_best_candidate_no_log_harness,fixed_shape_codegen;no_log_monitor,pending,,pending_if_quick_gain_ge_0p2,pending_if_accuracy_pass,host_or_board_low_risk,success_or_retained,02_evidence_raw/remote_stm32/runtime/f746_vww_deep_codegen_matrix.csv
02_evidence_raw/remote_stm32/runtime/f746_vww_deep_codegen_matrix.csv,13,f746,vww,vww_depthwise_hotspot1_fixedshape_checked,fixed_shape_codegen,pending,,pending_if_quick_gain_ge_0p2,pending_if_accuracy_pass,implementation_required,success_or_retained,02_evidence_raw/remote_stm32/runtime/f746_vww_deep_codegen_matrix.csv
02_evidence_raw/remote_stm32/runtime/f746_vww_deep_codegen_matrix.csv,14,f746,vww,vww_depthwise_hotspot1_fixedshape_unchecked,fixed_shape_codegen,pending,,pending_if_quick_gain_ge_0p2,pending_if_accuracy_pass,implementation_required,success_or_retained,02_evidence_raw/remote_stm32/runtime/f746_vww_deep_codegen_matrix.csv
02_evidence_raw/remote_stm32/runtime/f746_vww_fixedshape_candidate_matrix.csv,2,f746,vww,vww_tail_fixedshape_unchecked,fixed_shape_codegen;public_comparison,8.166,0.480,pass,5/5,aggressive_candidate_phase11,success_or_retained,02_evidence_raw/remote_stm32/runtime/f746_vww_fixedshape_candidate_matrix.csv
02_evidence_raw/remote_stm32/runtime/f746_vww_fixedshape_candidate_matrix.csv,3,f746,vww,vww_pointwise_tail_fixedshape_checked,fixed_shape_codegen;public_comparison,8.178,0.628,pass,5/5,aggressive_candidate_phase11,success_or_retained,02_evidence_raw/remote_stm32/runtime/f746_vww_fixedshape_candidate_matrix.csv
02_evidence_raw/remote_stm32/runtime/f746_vww_fixedshape_candidate_matrix.csv,4,f746,vww,vww_pointwise_tail_fixedshape_unchecked,fixed_shape_codegen;public_comparison,8.183,0.689,pass,5/5,aggressive_candidate_phase11,success_or_retained,02_evidence_raw/remote_stm32/runtime/f746_vww_fixedshape_candidate_matrix.csv
02_evidence_raw/remote_stm32/runtime/f746_vww_fixedshape_candidate_matrix.csv,5,f746,vww,vww_pointwise_hotspot2_fixedshape_checked,fixed_shape_codegen;public_comparison,8.251,1.526,pass,5/5,conservative_retained_phase11,success_or_retained,02_evidence_raw/remote_stm32/runtime/f746_vww_fixedshape_candidate_matrix.csv
02_evidence_raw/remote_stm32/runtime/f746_vww_fixedshape_candidate_matrix.csv,6,f746,vww,vww_pointwise_hotspot2_fixedshape_unchecked,fixed_shape_codegen;public_comparison,8.290,2.006,pass,5/5,conservative_retained_phase11,success_or_retained,02_evidence_raw/remote_stm32/runtime/f746_vww_fixedshape_candidate_matrix.csv
02_evidence_raw/remote_stm32/runtime/f746_vww_fixedshape_candidate_matrix.csv,7,f746,vww,vww_tail_plus_boundary_checked,fixed_shape_codegen,pending,,pending_if_quick_gain_ge_0p2,pending_if_accuracy_pass,phase11b_generated_after_vww_aggressive_candidate,success_or_retained,02_evidence_raw/remote_stm32/runtime/f746_vww_fixedshape_candidate_matrix.csv
02_evidence_raw/remote_stm32/runtime/f746_vww_fixedshape_candidate_matrix.csv,8,f746,vww,vww_tail_plus_boundary_unchecked,fixed_shape_codegen,pending,,pending_if_quick_gain_ge_0p2,pending_if_accuracy_pass,phase11b_generated_after_vww_aggressive_candidate,success_or_retained,02_evidence_raw/remote_stm32/runtime/f746_vww_fixedshape_candidate_matrix.csv
02_evidence_raw/remote_stm32/runtime/f746_vww_fixedshape_candidate_matrix.csv,9,f746,vww,vww_best_candidate_plus_static_schedule_checked,static_schedule;fixed_shape_codegen,pending,,pending_if_quick_gain_ge_0p2,pending_if_accuracy_pass,phase11b_generated_after_vww_aggressive_candidate,success_or_retained,02_evidence_raw/remote_stm32/runtime/f746_vww_fixedshape_candidate_matrix.csv
02_evidence_raw/remote_stm32/runtime/f746_vww_fixedshape_candidate_matrix.csv,10,f746,vww,vww_best_candidate_plus_static_schedule_unchecked,static_schedule;fixed_shape_codegen,pending,,pending_if_quick_gain_ge_0p2,pending_if_accuracy_pass,phase11b_generated_after_vww_aggressive_candidate,success_or_retained,02_evidence_raw/remote_stm32/runtime/f746_vww_fixedshape_candidate_matrix.csv
02_evidence_raw/remote_stm32/runtime/f746_vww_fixedshape_candidate_matrix.csv,19,f746,vww,vww_early_dw_pw_stream_checked,early_stream_fusion;fixed_shape_codegen;public_comparison,8.386,1.158,pass,5/5,conservative_retained_phase11,success_or_retained,02_evidence_raw/remote_stm32/runtime/f746_vww_fixedshape_candidate_matrix.csv
02_evidence_raw/remote_stm32/runtime/f746_vww_static_schedule_matrix.csv,1,f746,vww,vww_tail_static_schedule_pending_board,static_schedule;fixed_shape_codegen,pending,,pending_if_perf_positive,,next_board_task,success_or_retained,02_evidence_raw/remote_stm32/runtime/f746_vww_static_schedule_matrix.csv
02_evidence_raw/remote_stm32/static_schedule/vww_stream_static_arena_matrix.csv,2,unknown,vww,vww_best_early_stream_plus_static_arena_unchecked,early_stream_fusion;arena_reuse;static_schedule,gated,,,,wait_for_checked_result,success_or_retained,02_evidence_raw/remote_stm32/static_schedule/vww_stream_static_arena_matrix.csv
02_evidence_raw/remote_stm32/release_bundle/f746/ad/cmsis_nn_o3_squeeze/results_matrix_excerpt.csv,1,f746,ad,cmsis_nn_o3_squeeze,cmsis_nn_ofast,,,top1_78.1_auc_0.862,,retained_new_latency_best_after_3x_replay,success_or_retained,02_evidence_raw/remote_stm32/release_bundle/f746/ad/cmsis_nn_o3_squeeze/results_matrix_excerpt.csv
02_evidence_raw/remote_stm32/tile_schedule/vww_early_dw_pw_stream_matrix.csv,1,f746,vww,vww_early_dw_pw_stream_checked,early_stream_fusion;arena_reuse;fixed_shape_codegen,pending_board,pending_board,pending_board,,build_pass_pending_flash_smoke_perf,success_or_retained,02_evidence_raw/remote_stm32/tile_schedule/vww_early_dw_pw_stream_matrix.csv
02_evidence_raw/remote_stm32/tile_schedule/vww_early_dw_pw_stream_matrix.csv,2,f746,vww,vww_early_dw_pw_stream_unchecked,early_stream_fusion;arena_reuse;fixed_shape_codegen,pending_board,pending_board,pending_board,,build_pass_pending_flash_smoke_perf,success_or_retained,02_evidence_raw/remote_stm32/tile_schedule/vww_early_dw_pw_stream_matrix.csv
02_evidence_raw/remote_stm32/tile_schedule/vww_early_dw_pw_stream_matrix.csv,3,f746,vww,vww_early_b_stride2_dw_pw_stream_checked,early_stream_fusion;fixed_shape_codegen,pending_board,pending_board,pending_board,,build_pass_pending_flash_smoke_perf,success_or_retained,02_evidence_raw/remote_stm32/tile_schedule/vww_early_dw_pw_stream_matrix.csv
02_evidence_raw/remote_stm32/tile_schedule/vww_early_dw_pw_stream_matrix.csv,4,f746,vww,vww_early_b_stride2_dw_pw_stream_unchecked,early_stream_fusion;fixed_shape_codegen,pending_board,pending_board,pending_board,,build_pass_pending_flash_smoke_perf,success_or_retained,02_evidence_raw/remote_stm32/tile_schedule/vww_early_dw_pw_stream_matrix.csv
02_evidence_raw/remote_stm32/validation/f746_ad_defense_replay.csv,1,f746,ad,f746_ad_defense_replay,other,376.294,,,,retained_o3_squeeze,success_or_retained,02_evidence_raw/remote_stm32/validation/f746_ad_defense_replay.csv
02_evidence_raw/remote_stm32/validation/f746_ad_defense_replay.csv,2,f746,ad,f746_ad_defense_replay,other,complete_in_repro_matrix,,,,retained_o3_squeeze,success_or_retained,02_evidence_raw/remote_stm32/validation/f746_ad_defense_replay.csv
02_evidence_raw/remote_stm32/validation/f746_ad_defense_replay.csv,3,f746,ad,f746_ad_defense_replay,other,complete_in_repro_matrix,,,,retained_o3_squeeze,success_or_retained,02_evidence_raw/remote_stm32/validation/f746_ad_defense_replay.csv
02_evidence_raw/remote_stm32/validation/f746_ad_final_hardening_replay.csv,1,f746,ad,f746_ad_final_hardening_replay,static_schedule,,,,,pass,success_or_retained,02_evidence_raw/remote_stm32/validation/f746_ad_final_hardening_replay.csv
02_evidence_raw/remote_stm32/validation/f746_ad_final_hardening_replay.csv,2,f746,ad,f746_ad_final_hardening_replay,other,,,,,pass,success_or_retained,02_evidence_raw/remote_stm32/validation/f746_ad_final_hardening_replay.csv
02_evidence_raw/remote_stm32/validation/f746_ad_final_hardening_replay.csv,3,f746,ad,f746_ad_final_hardening_replay,other,,,,,pass,success_or_retained,02_evidence_raw/remote_stm32/validation/f746_ad_final_hardening_replay.csv
02_evidence_raw/remote_stm32/validation/f746_ad_final_hardening_replay.csv,4,f746,ad,f746_ad_final_hardening_replay,other,,,,,pass,success_or_retained,02_evidence_raw/remote_stm32/validation/f746_ad_final_hardening_replay.csv
02_evidence_raw/remote_stm32/validation/f746_ad_final_hardening_replay.csv,5,f746,ad,f746_ad_final_hardening_replay,other,,,,,pass,success_or_retained,02_evidence_raw/remote_stm32/validation/f746_ad_final_hardening_replay.csv
02_evidence_raw/remote_stm32/validation/f746_ad_final_hardening_replay.csv,6,f746,ad,f746_ad_final_hardening_replay,other,,,,,pass,success_or_retained,02_evidence_raw/remote_stm32/validation/f746_ad_final_hardening_replay.csv
02_evidence_raw/remote_stm32/validation/f746_ad_final_hardening_replay.csv,7,f746,ad,f746_ad_final_hardening_replay,static_schedule,,,,,pass,success_or_retained,02_evidence_raw/remote_stm32/validation/f746_ad_final_hardening_replay.csv
02_evidence_raw/remote_stm32/validation/f746_ad_final_hardening_replay.csv,8,f746,ad,f746_ad_final_hardening_replay,static_schedule,,,,,pass,success_or_retained,02_evidence_raw/remote_stm32/validation/f746_ad_final_hardening_replay.csv
02_evidence_raw/remote_stm32/validation/f746_ad_hardened_accuracy.csv,1,f746,ad,f746_ad_hardened_accuracy,static_schedule,,,0.862,,unspecified,success_or_retained,02_evidence_raw/remote_stm32/validation/f746_ad_hardened_accuracy.csv
02_evidence_raw/remote_stm32/validation/f746_ad_hardened_accuracy.csv,2,f746,ad,f746_ad_hardened_accuracy,static_schedule,,,0.862,,unspecified,success_or_retained,02_evidence_raw/remote_stm32/validation/f746_ad_hardened_accuracy.csv
02_evidence_raw/remote_stm32/validation/f746_ad_hardened_accuracy.csv,3,f746,ad,f746_ad_hardened_accuracy,static_schedule,,,0.862,,unspecified,success_or_retained,02_evidence_raw/remote_stm32/validation/f746_ad_hardened_accuracy.csv
02_evidence_raw/remote_stm32/validation/f746_aggressive_candidate_replay.csv,1,f746,all,none,other,,not_applicable,,,no_aggressive_release_candidate_found_above_0.2pct_gate,success_or_retained,02_evidence_raw/remote_stm32/validation/f746_aggressive_candidate_replay.csv
02_evidence_raw/remote_stm32/validation/f746_deep_impl_candidate_replay.csv,3,f746,vww,vww_tail_fixedshape_unchecked,fixed_shape_codegen;public_comparison,,,85.8,,accuracy_pass_run_5x_replay,success_or_retained,02_evidence_raw/remote_stm32/validation/f746_deep_impl_candidate_replay.csv
02_evidence_raw/remote_stm32/validation/f746_deep_impl_candidate_replay.csv,10,f746,vww,vww_pointwise_tail_fixedshape_checked,fixed_shape_codegen;public_comparison,,,85.8,,accuracy_pass_run_5x_replay,success_or_retained,02_evidence_raw/remote_stm32/validation/f746_deep_impl_candidate_replay.csv
02_evidence_raw/remote_stm32/validation/f746_deep_impl_candidate_replay.csv,17,f746,vww,vww_pointwise_tail_fixedshape_unchecked,fixed_shape_codegen;public_comparison,,,85.8,,accuracy_pass_run_5x_replay,success_or_retained,02_evidence_raw/remote_stm32/validation/f746_deep_impl_candidate_replay.csv
02_evidence_raw/remote_stm32/validation/f746_deep_impl_candidate_replay.csv,26,f746,vww,vww_pointwise_hotspot2_fixedshape_checked,fixed_shape_codegen;public_comparison,,,85.8,,accuracy_pass_run_5x_replay,success_or_retained,02_evidence_raw/remote_stm32/validation/f746_deep_impl_candidate_replay.csv
02_evidence_raw/remote_stm32/validation/f746_deep_impl_candidate_replay.csv,33,f746,vww,vww_pointwise_hotspot2_fixedshape_unchecked,fixed_shape_codegen;public_comparison,,,85.8,,accuracy_pass_run_5x_replay,success_or_retained,02_evidence_raw/remote_stm32/validation/f746_deep_impl_candidate_replay.csv
02_evidence_raw/remote_stm32/validation/f746_deep_impl_candidate_replay.csv,53,f746,vww,vww_early_dw_pw_stream_checked,early_stream_fusion;public_comparison,,,85.8,,accuracy_pass_run_5x_replay,success_or_retained,02_evidence_raw/remote_stm32/validation/f746_deep_impl_candidate_replay.csv
02_evidence_raw/remote_stm32/validation/f746_deep_impl_replay_matrix.csv,1,f746,ad,ad_static_schedule_direct_cmsis_s8,static_schedule;public_comparison,379.890,0.956,78.1,,aggressive_retained_deep_impl,success_or_retained,02_evidence_raw/remote_stm32/validation/f746_deep_impl_replay_matrix.csv
02_evidence_raw/remote_stm32/validation/f746_deep_impl_replay_matrix.csv,2,f746,ad,ad_static_schedule_direct_cmsis_s8,static_schedule;public_comparison,379.890,0.956,78.1,,aggressive_retained_deep_impl,success_or_retained,02_evidence_raw/remote_stm32/validation/f746_deep_impl_replay_matrix.csv
02_evidence_raw/remote_stm32/validation/f746_deep_impl_replay_matrix.csv,3,f746,ad,ad_static_schedule_direct_cmsis_s8,static_schedule;public_comparison,379.890,0.956,78.1,,aggressive_retained_deep_impl,success_or_retained,02_evidence_raw/remote_stm32/validation/f746_deep_impl_replay_matrix.csv
02_evidence_raw/remote_stm32/validation/f746_deep_impl_replay_matrix.csv,4,f746,ad,ad_static_schedule_direct_cmsis_s8,static_schedule;public_comparison,379.890,0.956,78.1,,aggressive_retained_deep_impl,success_or_retained,02_evidence_raw/remote_stm32/validation/f746_deep_impl_replay_matrix.csv
02_evidence_raw/remote_stm32/validation/f746_deep_impl_replay_matrix.csv,5,f746,ad,ad_static_schedule_direct_cmsis_s8,static_schedule;public_comparison,379.890,0.956,78.1,,aggressive_retained_deep_impl,success_or_retained,02_evidence_raw/remote_stm32/validation/f746_deep_impl_replay_matrix.csv
02_evidence_raw/remote_stm32/validation/f746_deep_impl_replay_matrix.csv,6,f746,ad,ad_static_schedule_direct_cmsis_s8_unchecked,static_schedule;public_comparison,396.357,5.332,78.1,,conservative_retained_deep_impl,success_or_retained,02_evidence_raw/remote_stm32/validation/f746_deep_impl_replay_matrix.csv
02_evidence_raw/remote_stm32/validation/f746_deep_impl_replay_matrix.csv,7,f746,ad,ad_static_schedule_direct_cmsis_s8_unchecked,static_schedule;public_comparison,396.286,5.313,78.1,,conservative_retained_deep_impl,success_or_retained,02_evidence_raw/remote_stm32/validation/f746_deep_impl_replay_matrix.csv
02_evidence_raw/remote_stm32/validation/f746_deep_impl_replay_matrix.csv,8,f746,ad,ad_static_schedule_direct_cmsis_s8_unchecked,static_schedule;public_comparison,396.286,5.313,78.1,,conservative_retained_deep_impl,success_or_retained,02_evidence_raw/remote_stm32/validation/f746_deep_impl_replay_matrix.csv
02_evidence_raw/remote_stm32/validation/f746_deep_impl_replay_matrix.csv,9,f746,ad,ad_static_schedule_direct_cmsis_s8_unchecked,static_schedule;public_comparison,396.286,5.313,78.1,,conservative_retained_deep_impl,success_or_retained,02_evidence_raw/remote_stm32/validation/f746_deep_impl_replay_matrix.csv
02_evidence_raw/remote_stm32/validation/f746_deep_impl_replay_matrix.csv,10,f746,ad,ad_static_schedule_direct_cmsis_s8_unchecked,static_schedule;public_comparison,396.286,5.313,78.1,,conservative_retained_deep_impl,success_or_retained,02_evidence_raw/remote_stm32/validation/f746_deep_impl_replay_matrix.csv
02_evidence_raw/remote_stm32/validation/f746_final_reproducibility_freeze.csv,1,f746,kws,kws,cmsis_nn_ofast,26.652,,,,repro_pass,success_or_retained,02_evidence_raw/remote_stm32/validation/f746_final_reproducibility_freeze.csv
02_evidence_raw/remote_stm32/validation/f746_final_reproducibility_freeze.csv,2,f746,kws,kws,cmsis_nn_ofast,26.652,,,,repro_pass,success_or_retained,02_evidence_raw/remote_stm32/validation/f746_final_reproducibility_freeze.csv
02_evidence_raw/remote_stm32/validation/f746_final_reproducibility_freeze.csv,3,f746,kws,kws,cmsis_nn_ofast,26.651,,,,repro_pass,success_or_retained,02_evidence_raw/remote_stm32/validation/f746_final_reproducibility_freeze.csv
02_evidence_raw/remote_stm32/validation/f746_final_reproducibility_freeze.csv,4,f746,vww,vww,cmsis_nn_ofast,8.126,,,,repro_pass,success_or_retained,02_evidence_raw/remote_stm32/validation/f746_final_reproducibility_freeze.csv
02_evidence_raw/remote_stm32/validation/f746_final_reproducibility_freeze.csv,5,f746,vww,vww,cmsis_nn_ofast,8.127,,,,repro_pass,success_or_retained,02_evidence_raw/remote_stm32/validation/f746_final_reproducibility_freeze.csv
02_evidence_raw/remote_stm32/validation/f746_final_reproducibility_freeze.csv,6,f746,vww,vww,cmsis_nn_ofast,8.127,,,,repro_pass,success_or_retained,02_evidence_raw/remote_stm32/validation/f746_final_reproducibility_freeze.csv
02_evidence_raw/remote_stm32/validation/f746_final_reproducibility_freeze.csv,7,f746,ic,ic,cmsis_nn_ofast,6.859,,,,repro_pass,success_or_retained,02_evidence_raw/remote_stm32/validation/f746_final_reproducibility_freeze.csv
02_evidence_raw/remote_stm32/validation/f746_final_reproducibility_freeze.csv,8,f746,ic,ic,cmsis_nn_ofast,6.859,,,,repro_pass,success_or_retained,02_evidence_raw/remote_stm32/validation/f746_final_reproducibility_freeze.csv
02_evidence_raw/remote_stm32/validation/f746_final_reproducibility_freeze.csv,9,f746,ic,ic,cmsis_nn_ofast,6.859,,,,repro_pass,success_or_retained,02_evidence_raw/remote_stm32/validation/f746_final_reproducibility_freeze.csv
02_evidence_raw/remote_stm32/validation/f746_final_reproducibility_freeze.csv,10,f746,ad,ad,other,376.302,,,,repro_pass,success_or_retained,02_evidence_raw/remote_stm32/validation/f746_final_reproducibility_freeze.csv
02_evidence_raw/remote_stm32/validation/f746_final_reproducibility_freeze.csv,11,f746,ad,ad,other,376.301,,,,repro_pass,success_or_retained,02_evidence_raw/remote_stm32/validation/f746_final_reproducibility_freeze.csv
02_evidence_raw/remote_stm32/validation/f746_final_reproducibility_freeze.csv,12,f746,ad,ad,other,376.297,,,,repro_pass,success_or_retained,02_evidence_raw/remote_stm32/validation/f746_final_reproducibility_freeze.csv
02_evidence_raw/remote_stm32/validation/f746_final_retained_replay_check.csv,1,f746,kws,kws,cmsis_nn_ofast,26.652,,top1_90.1_auc_0.995,,finalized_no_minimal_retest_required,success_or_retained,02_evidence_raw/remote_stm32/validation/f746_final_retained_replay_check.csv
02_evidence_raw/remote_stm32/validation/f746_final_retained_replay_check.csv,2,f746,vww,vww,fixed_shape_codegen,8.290,,top1_85.8_auc_0.937,,finalized_no_minimal_retest_required,success_or_retained,02_evidence_raw/remote_stm32/validation/f746_final_retained_replay_check.csv
02_evidence_raw/remote_stm32/validation/f746_final_retained_replay_check.csv,3,f746,ic,ic,cmsis_nn_ofast,6.859,,top1_87.5_auc_0.988,,finalized_no_minimal_retest_required,success_or_retained,02_evidence_raw/remote_stm32/validation/f746_final_retained_replay_check.csv
02_evidence_raw/remote_stm32/validation/f746_final_retained_replay_check.csv,4,f746,ad,ad,static_schedule,396.286,,top1_78.1_auc_0.862,,finalized_no_minimal_retest_required,success_or_retained,02_evidence_raw/remote_stm32/validation/f746_final_retained_replay_check.csv
02_evidence_raw/remote_stm32/validation/f746_vww_final_hardening_replay.csv,1,f746,vww,f746_vww_final_hardening_replay,fixed_shape_codegen,,,,,pass,success_or_retained,02_evidence_raw/remote_stm32/validation/f746_vww_final_hardening_replay.csv
02_evidence_raw/remote_stm32/validation/f746_vww_final_hardening_replay.csv,2,f746,vww,f746_vww_final_hardening_replay,other,,,,,pass,success_or_retained,02_evidence_raw/remote_stm32/validation/f746_vww_final_hardening_replay.csv
02_evidence_raw/remote_stm32/validation/f746_vww_final_hardening_replay.csv,3,f746,vww,f746_vww_final_hardening_replay,other,,,,,pass,success_or_retained,02_evidence_raw/remote_stm32/validation/f746_vww_final_hardening_replay.csv
02_evidence_raw/remote_stm32/validation/f746_vww_final_hardening_replay.csv,4,f746,vww,f746_vww_final_hardening_replay,other,,,,,pass,success_or_retained,02_evidence_raw/remote_stm32/validation/f746_vww_final_hardening_replay.csv
02_evidence_raw/remote_stm32/validation/f746_vww_final_hardening_replay.csv,5,f746,vww,f746_vww_final_hardening_replay,other,,,,,pass,success_or_retained,02_evidence_raw/remote_stm32/validation/f746_vww_final_hardening_replay.csv
02_evidence_raw/remote_stm32/validation/f746_vww_final_hardening_replay.csv,6,f746,vww,f746_vww_final_hardening_replay,fixed_shape_codegen,,,,,pass,success_or_retained,02_evidence_raw/remote_stm32/validation/f746_vww_final_hardening_replay.csv
02_evidence_raw/remote_stm32/validation/f746_vww_final_hardening_replay.csv,7,f746,vww,f746_vww_final_hardening_replay,fixed_shape_codegen,,,,,pass,success_or_retained,02_evidence_raw/remote_stm32/validation/f746_vww_final_hardening_replay.csv
02_evidence_raw/remote_stm32/validation/f746_vww_final_hardening_replay.csv,8,f746,vww,f746_vww_final_hardening_replay,other,,,,,pass,success_or_retained,02_evidence_raw/remote_stm32/validation/f746_vww_final_hardening_replay.csv
02_evidence_raw/remote_stm32/validation/reproducibility_matrix.csv,5,f746,kws,cmsis_nn_release_plus_ofast,cmsis_nn_ofast;public_comparison,,,,,series_target_reached,success_or_retained,02_evidence_raw/remote_stm32/validation/reproducibility_matrix.csv
02_evidence_raw/remote_stm32/validation/reproducibility_matrix.csv,6,f746,vww,cmsis_nn_release_plus_ofast,cmsis_nn_ofast;public_comparison,,,,,series_target_reached,success_or_retained,02_evidence_raw/remote_stm32/validation/reproducibility_matrix.csv
02_evidence_raw/remote_stm32/validation/reproducibility_matrix.csv,7,f746,ic,cmsis_nn_release_plus_ofast,cmsis_nn_ofast;public_comparison,,,,,series_target_reached,success_or_retained,02_evidence_raw/remote_stm32/validation/reproducibility_matrix.csv
02_evidence_raw/remote_stm32/validation/reproducibility_matrix.csv,8,f746,ad,cmsis_nn_release_plus_ofast,cmsis_nn_ofast;public_comparison,,,,,series_target_reached,success_or_retained,02_evidence_raw/remote_stm32/validation/reproducibility_matrix.csv
02_evidence_raw/remote_stm32/validation/reproducibility_matrix.csv,11,f746,ad,cmsis_nn_o3_squeeze,cmsis_nn_ofast;public_comparison,,,,,series_target_reached,success_or_retained,02_evidence_raw/remote_stm32/validation/reproducibility_matrix.csv
